INDIV_ID,ALT,COST,DISTANCE,WAITTIME,TRAVELTIME,SHAREFRONT,SHAREBACK,PRIVATE,URGENCY,PEERCHOICE_GO,PEERCHOICE_STAY,PAUSING,REOPENING,REOPENED,THREAT,GENDER,AGE,INCOME,EMPLOYMENT,RACE,HISPANIC,AREA,HH_SIZE,VEHICLES,REP,DEM,CHILDREN,ELDERLY,DISABILITY,NONENGLISH,PETS
2,1,40,0.5,0,60,0,0,1,3,3,0,1,0,0,4,2,3,5,1,1,0,3,2,2,0,0,0,1,0,0,1
2,2,0,0.25,60,40,0,0,1,1,4,1,1,0,0,4,2,3,5,1,1,0,3,2,2,0,0,0,1,0,0,1
2,2,0,0.5,60,40,0,1,0,1,1,1,1,0,0,4,2,3,5,1,1,0,3,2,2,0,0,0,1,0,0,1
2,2,0,0.25,30,60,1,0,0,2,2,0,1,0,0,4,2,3,5,1,1,0,3,2,2,0,0,0,1,0,0,1
2,2,0,0.5,30,20,0,0,1,2,2,0,1,0,0,4,2,3,5,1,1,0,3,2,2,0,0,0,1,0,0,1
2,2,40,0.5,0,60,0,1,0,2,2,1,1,0,0,4,2,3,5,1,1,0,3,2,2,0,0,0,1,0,0,1
17,1,40,0,60,40,0,0,1,3,0,4,1,0,0,3,2,1,9,4,3,0,2,4,3,0,1,1,0,0,0,1
17,2,0,0.25,60,40,0,0,1,1,4,1,1,0,0,3,2,1,9,4,3,0,2,4,3,0,1,1,0,0,0,1
17,2,0,0.5,60,40,0,1,0,1,1,1,1,0,0,3,2,1,9,4,3,0,2,4,3,0,1,1,0,0,0,1
17,2,0,0.25,30,60,1,0,0,2,2,0,1,0,0,3,2,1,9,4,3,0,2,4,3,0,1,1,0,0,0,1
17,2,0,0.5,30,20,0,0,1,2,2,0,1,0,0,3,2,1,9,4,3,0,2,4,3,0,1,1,0,0,0,1
17,2,40,0.5,0,60,0,1,0,2,2,1,1,0,0,3,2,1,9,4,3,0,2,4,3,0,1,1,0,0,0,1
18,1,20,0.25,0,60,0,0,1,3,1,2,0,1,0,4,0,2,8,2,1,0,2,7,3,0,0,1,0,1,0,1
18,2,0,0.25,60,40,0,0,1,1,4,1,0,1,0,4,0,2,8,2,1,0,2,7,3,0,0,1,0,1,0,1
18,2,0,0.5,60,40,0,1,0,1,1,1,0,1,0,4,0,2,8,2,1,0,2,7,3,0,0,1,0,1,0,1
18,2,0,0.25,30,60,1,0,0,2,2,0,0,1,0,4,0,2,8,2,1,0,2,7,3,0,0,1,0,1,0,1
18,2,0,0.5,30,20,0,0,1,2,2,0,0,1,0,4,0,2,8,2,1,0,2,7,3,0,0,1,0,1,0,1
18,2,40,0.5,0,60,0,1,0,2,2,1,0,1,0,4,0,2,8,2,1,0,2,7,3,0,0,1,0,1,0,1
23,1,0,0.25,30,60,1,0,0,2,2,0,0,0,0,2,1,1,12,1,3,0,2,4,3,0,0,0,0,0,0,0
23,1,0,0.5,30,20,0,0,1,2,2,0,0,0,0,2,1,1,12,1,3,0,2,4,3,0,0,0,0,0,0,0
23,1,40,0.5,0,60,0,0,1,3,3,0,0,0,0,2,1,1,12,1,3,0,2,4,3,0,0,0,0,0,0,0
23,1,20,0.25,0,60,0,0,1,3,1,2,0,0,0,2,1,1,12,1,3,0,2,4,3,0,0,0,0,0,0,0
23,2,0,0.25,60,40,0,0,1,1,4,1,0,0,0,2,1,1,12,1,3,0,2,4,3,0,0,0,0,0,0,0
23,2,0,0.5,60,40,0,1,0,1,1,1,0,0,0,2,1,1,12,1,3,0,2,4,3,0,0,0,0,0,0,0
28,1,20,0.25,0,60,0,0,1,3,1,2,0,0,1,3,2,2,3,1,1,0,1,1,0,0,1,0,0,0,0,1
28,2,0,0.25,60,40,0,0,1,1,4,1,0,0,1,3,2,2,3,1,1,0,1,1,0,0,1,0,0,0,0,1
28,2,0,0.5,60,40,0,1,0,1,1,1,0,0,1,3,2,2,3,1,1,0,1,1,0,0,1,0,0,0,0,1
28,2,0,0.25,30,60,1,0,0,2,2,0,0,0,1,3,2,2,3,1,1,0,1,1,0,0,1,0,0,0,0,1
28,2,0,0.5,30,20,0,0,1,2,2,0,0,0,1,3,2,2,3,1,1,0,1,1,0,0,1,0,0,0,0,1
28,2,40,0.5,0,60,0,1,0,2,2,1,0,0,1,3,2,2,3,1,1,0,1,1,0,0,1,0,0,0,0,1
29,1,40,0.5,0,60,0,0,1,3,3,0,0,1,0,3,2,1,3,1,1,0,2,4,2,0,1,0,0,0,0,1
29,1,40,0,60,40,0,0,1,3,0,4,0,1,0,3,2,1,3,1,1,0,2,4,2,0,1,0,0,0,0,1
29,2,0,0.25,60,40,0,0,1,1,4,1,0,1,0,3,2,1,3,1,1,0,2,4,2,0,1,0,0,0,0,1
29,2,0,0.5,60,40,0,1,0,1,1,1,0,1,0,3,2,1,3,1,1,0,2,4,2,0,1,0,0,0,0,1
29,2,0,0.25,30,60,1,0,0,2,2,0,0,1,0,3,2,1,3,1,1,0,2,4,2,0,1,0,0,0,0,1
29,2,0,0.5,30,20,0,0,1,2,2,0,0,1,0,3,2,1,3,1,1,0,2,4,2,0,1,0,0,0,0,1
30,1,40,0.5,0,60,0,0,1,3,3,0,0,0,1,3,1,1,4,1,2,0,2,4,1,0,1,0,0,0,0,0
30,1,40,0.25,30,20,0,0,1,3,0,0,0,0,1,3,1,1,4,1,2,0,2,4,1,0,1,0,0,0,0,0
30,2,0,0.25,60,40,0,0,1,1,4,1,0,0,1,3,1,1,4,1,2,0,2,4,1,0,1,0,0,0,0,0
30,2,0,0.5,60,40,0,1,0,1,1,1,0,0,1,3,1,1,4,1,2,0,2,4,1,0,1,0,0,0,0,0
30,2,0,0.25,30,60,1,0,0,2,2,0,0,0,1,3,1,1,4,1,2,0,2,4,1,0,1,0,0,0,0,0
30,2,0,0.5,30,20,0,0,1,2,2,0,0,0,1,3,1,1,4,1,2,0,2,4,1,0,1,0,0,0,0,0
33,1,40,0.5,0,60,0,0,1,3,3,0,0,1,0,4,1,2,9,1,3,0,2,3,3,0,1,0,1,0,0,0
33,2,0,0.25,60,40,0,0,1,1,4,1,0,1,0,4,1,2,9,1,3,0,2,3,3,0,1,0,1,0,0,0
33,2,0,0.5,60,40,0,1,0,1,1,1,0,1,0,4,1,2,9,1,3,0,2,3,3,0,1,0,1,0,0,0
33,2,0,0.25,30,60,1,0,0,2,2,0,0,1,0,4,1,2,9,1,3,0,2,3,3,0,1,0,1,0,0,0
33,2,0,0.5,30,20,0,0,1,2,2,0,0,1,0,4,1,2,9,1,3,0,2,3,3,0,1,0,1,0,0,0
33,2,40,0.5,0,60,0,1,0,2,2,1,0,1,0,4,1,2,9,1,3,0,2,3,3,0,1,0,1,0,0,0
35,1,0,0.25,30,60,1,0,0,2,2,0,0,1,0,3,2,1,8,1,3,0,2,4,2,0,1,0,0,0,1,0
35,1,0,0.5,30,20,0,0,1,2,2,0,0,1,0,3,2,1,8,1,3,0,2,4,2,0,1,0,0,0,1,0
35,1,40,0.5,0,60,0,1,0,2,2,1,0,1,0,3,2,1,8,1,3,0,2,4,2,0,1,0,0,0,1,0
35,1,40,0.25,30,20,0,0,1,3,0,0,0,1,0,3,2,1,8,1,3,0,2,4,2,0,1,0,0,0,1,0
35,1,20,0.25,0,60,0,0,1,3,1,2,0,1,0,3,2,1,8,1,3,0,2,4,2,0,1,0,0,0,1,0
35,2,0,0.5,60,40,0,1,0,1,1,1,0,1,0,3,2,1,8,1,3,0,2,4,2,0,1,0,0,0,1,0
36,1,20,0.25,0,60,0,0,1,3,1,2,0,0,1,3,1,1,4,1,1,0,2,4,0,0,0,0,0,0,0,1
36,2,0,0.25,60,40,0,0,1,1,4,1,0,0,1,3,1,1,4,1,1,0,2,4,0,0,0,0,0,0,0,1
36,2,0,0.5,60,40,0,1,0,1,1,1,0,0,1,3,1,1,4,1,1,0,2,4,0,0,0,0,0,0,0,1
36,2,0,0.25,30,60,1,0,0,2,2,0,0,0,1,3,1,1,4,1,1,0,2,4,0,0,0,0,0,0,0,1
36,2,0,0.5,30,20,0,0,1,2,2,0,0,0,1,3,1,1,4,1,1,0,2,4,0,0,0,0,0,0,0,1
36,2,40,0.5,0,60,0,1,0,2,2,1,0,0,1,3,1,1,4,1,1,0,2,4,0,0,0,0,0,0,0,1
37,1,0,0.25,30,60,1,0,0,2,2,0,0,0,1,3,1,1,6,1,1,0,2,3,2,0,0,0,0,0,0,0
37,1,40,0.5,0,60,0,0,1,3,3,0,0,0,1,3,1,1,6,1,1,0,2,3,2,0,0,0,0,0,0,0
37,1,40,0.25,30,20,0,0,1,3,0,0,0,0,1,3,1,1,6,1,1,0,2,3,2,0,0,0,0,0,0,0
37,1,40,0,60,40,0,0,1,3,0,4,0,0,1,3,1,1,6,1,1,0,2,3,2,0,0,0,0,0,0,0
37,2,0,0.25,60,40,0,0,1,1,4,1,0,0,1,3,1,1,6,1,1,0,2,3,2,0,0,0,0,0,0,0
37,2,0,0.5,60,40,0,1,0,1,1,1,0,0,1,3,1,1,6,1,1,0,2,3,2,0,0,0,0,0,0,0
39,1,20,0.25,0,60,0,0,1,3,1,2,1,0,0,3,1,4,7,1,1,0,2,1,1,0,0,0,0,0,0,1
39,2,0,0.25,60,40,0,0,1,1,4,1,1,0,0,3,1,4,7,1,1,0,2,1,1,0,0,0,0,0,0,1
39,2,0,0.5,60,40,0,1,0,1,1,1,1,0,0,3,1,4,7,1,1,0,2,1,1,0,0,0,0,0,0,1
39,2,0,0.25,30,60,1,0,0,2,2,0,1,0,0,3,1,4,7,1,1,0,2,1,1,0,0,0,0,0,0,1
39,2,0,0.5,30,20,0,0,1,2,2,0,1,0,0,3,1,4,7,1,1,0,2,1,1,0,0,0,0,0,0,1
39,2,40,0.5,0,60,0,1,0,2,2,1,1,0,0,3,1,4,7,1,1,0,2,1,1,0,0,0,0,0,0,1
46,1,0,0.25,60,40,0,0,1,1,4,1,0,1,0,4,2,1,2,1,2,0,2,3,0,0,1,0,0,0,0,0
46,1,0,0.25,30,60,1,0,0,2,2,0,0,1,0,4,2,1,2,1,2,0,2,3,0,0,1,0,0,0,0,0
46,1,40,0.5,0,60,0,1,0,2,2,1,0,1,0,4,2,1,2,1,2,0,2,3,0,0,1,0,0,0,0,0
46,1,40,0.5,0,60,0,0,1,3,3,0,0,1,0,4,2,1,2,1,2,0,2,3,0,0,1,0,0,0,0,0
46,2,0,0.5,60,40,0,1,0,1,1,1,0,1,0,4,2,1,2,1,2,0,2,3,0,0,1,0,0,0,0,0
46,2,0,0.5,30,20,0,0,1,2,2,0,0,1,0,4,2,1,2,1,2,0,2,3,0,0,1,0,0,0,0,0
59,1,40,0,60,40,0,0,1,3,0,4,0,0,1,3,1,6,7,3,1,0,2,3,2,1,0,0,1,1,0,1
59,2,0,0.25,60,40,0,0,1,1,4,1,0,0,1,3,1,6,7,3,1,0,2,3,2,1,0,0,1,1,0,1
59,2,0,0.5,60,40,0,1,0,1,1,1,0,0,1,3,1,6,7,3,1,0,2,3,2,1,0,0,1,1,0,1
59,2,0,0.25,30,60,1,0,0,2,2,0,0,0,1,3,1,6,7,3,1,0,2,3,2,1,0,0,1,1,0,1
59,2,0,0.5,30,20,0,0,1,2,2,0,0,0,1,3,1,6,7,3,1,0,2,3,2,1,0,0,1,1,0,1
59,2,40,0.5,0,60,0,1,0,2,2,1,0,0,1,3,1,6,7,3,1,0,2,3,2,1,0,0,1,1,0,1
63,1,0,0.5,30,20,0,0,1,2,2,0,1,0,0,4,1,5,2,1,1,0,2,1,1,0,1,0,0,0,0,0
63,1,40,0.5,0,60,0,0,1,3,3,0,1,0,0,4,1,5,2,1,1,0,2,1,1,0,1,0,0,0,0,0
63,1,40,0.25,30,20,0,0,1,3,0,0,1,0,0,4,1,5,2,1,1,0,2,1,1,0,1,0,0,0,0,0
63,1,40,0,60,40,0,0,1,3,0,4,1,0,0,4,1,5,2,1,1,0,2,1,1,0,1,0,0,0,0,0
63,2,0,0.25,60,40,0,0,1,1,4,1,1,0,0,4,1,5,2,1,1,0,2,1,1,0,1,0,0,0,0,0
63,2,0,0.5,60,40,0,1,0,1,1,1,1,0,0,4,1,5,2,1,1,0,2,1,1,0,1,0,0,0,0,0
67,1,20,0.25,0,60,0,0,1,3,1,2,0,0,0,3,1,1,8,1,3,0,2,3,3,0,1,0,0,0,1,0
67,2,0,0.25,60,40,0,0,1,1,4,1,0,0,0,3,1,1,8,1,3,0,2,3,3,0,1,0,0,0,1,0
67,2,0,0.5,60,40,0,1,0,1,1,1,0,0,0,3,1,1,8,1,3,0,2,3,3,0,1,0,0,0,1,0
67,2,0,0.25,30,60,1,0,0,2,2,0,0,0,0,3,1,1,8,1,3,0,2,3,3,0,1,0,0,0,1,0
67,2,0,0.5,30,20,0,0,1,2,2,0,0,0,0,3,1,1,8,1,3,0,2,3,3,0,1,0,0,0,1,0
67,2,40,0.5,0,60,0,1,0,2,2,1,0,0,0,3,1,1,8,1,3,0,2,3,3,0,1,0,0,0,1,0
71,1,0,0.5,30,20,0,0,1,2,2,0,0,1,0,3,2,1,10,2,2,0,2,4,4,0,0,0,0,0,0,0
71,1,40,0.5,0,60,0,1,0,2,2,1,0,1,0,3,2,1,10,2,2,0,2,4,4,0,0,0,0,0,0,0
71,1,40,0.5,0,60,0,0,1,3,3,0,0,1,0,3,2,1,10,2,2,0,2,4,4,0,0,0,0,0,0,0
71,1,40,0.25,30,20,0,0,1,3,0,0,0,1,0,3,2,1,10,2,2,0,2,4,4,0,0,0,0,0,0,0
71,2,0,0.25,60,40,0,0,1,1,4,1,0,1,0,3,2,1,10,2,2,0,2,4,4,0,0,0,0,0,0,0
71,2,0,0.5,60,40,0,1,0,1,1,1,0,1,0,3,2,1,10,2,2,0,2,4,4,0,0,0,0,0,0,0
73,1,40,0.5,0,60,0,0,1,3,3,0,1,0,0,4,2,4,11,1,4,1,2,2,2,1,0,0,0,0,0,1
73,2,0,0.25,60,40,0,0,1,1,4,1,1,0,0,4,2,4,11,1,4,1,2,2,2,1,0,0,0,0,0,1
73,2,0,0.5,60,40,0,1,0,1,1,1,1,0,0,4,2,4,11,1,4,1,2,2,2,1,0,0,0,0,0,1
73,2,0,0.25,30,60,1,0,0,2,2,0,1,0,0,4,2,4,11,1,4,1,2,2,2,1,0,0,0,0,0,1
73,2,0,0.5,30,20,0,0,1,2,2,0,1,0,0,4,2,4,11,1,4,1,2,2,2,1,0,0,0,0,0,1
73,2,40,0.5,0,60,0,1,0,2,2,1,1,0,0,4,2,4,11,1,4,1,2,2,2,1,0,0,0,0,0,1
74,1,20,0.25,0,60,0,0,1,3,1,2,0,1,0,2,2,4,1,5,1,0,2,1,0,0,0,0,0,0,0,0
74,2,0,0.25,60,40,0,0,1,1,4,1,0,1,0,2,2,4,1,5,1,0,2,1,0,0,0,0,0,0,0,0
74,2,0,0.5,60,40,0,1,0,1,1,1,0,1,0,2,2,4,1,5,1,0,2,1,0,0,0,0,0,0,0,0
74,2,0,0.25,30,60,1,0,0,2,2,0,0,1,0,2,2,4,1,5,1,0,2,1,0,0,0,0,0,0,0,0
74,2,0,0.5,30,20,0,0,1,2,2,0,0,1,0,2,2,4,1,5,1,0,2,1,0,0,0,0,0,0,0,0
74,2,40,0.5,0,60,0,1,0,2,2,1,0,1,0,2,2,4,1,5,1,0,2,1,0,0,0,0,0,0,0,0
77,1,40,0,60,40,0,0,1,3,0,4,0,1,0,3,1,2,2,2,1,1,3,1,0,0,1,0,0,0,0,0
77,2,0,0.25,60,40,0,0,1,1,4,1,0,1,0,3,1,2,2,2,1,1,3,1,0,0,1,0,0,0,0,0
77,2,0,0.5,60,40,0,1,0,1,1,1,0,1,0,3,1,2,2,2,1,1,3,1,0,0,1,0,0,0,0,0
77,2,0,0.25,30,60,1,0,0,2,2,0,0,1,0,3,1,2,2,2,1,1,3,1,0,0,1,0,0,0,0,0
77,2,0,0.5,30,20,0,0,1,2,2,0,0,1,0,3,1,2,2,2,1,1,3,1,0,0,1,0,0,0,0,0
77,2,40,0.5,0,60,0,1,0,2,2,1,0,1,0,3,1,2,2,2,1,1,3,1,0,0,1,0,0,0,0,0
84,1,20,0.25,0,60,0,0,1,3,1,2,0,0,1,4,2,4,7,1,1,0,3,3,3,0,1,0,0,0,0,1
84,2,0,0.25,60,40,0,0,1,1,4,1,0,0,1,4,2,4,7,1,1,0,3,3,3,0,1,0,0,0,0,1
84,2,0,0.5,60,40,0,1,0,1,1,1,0,0,1,4,2,4,7,1,1,0,3,3,3,0,1,0,0,0,0,1
84,2,0,0.25,30,60,1,0,0,2,2,0,0,0,1,4,2,4,7,1,1,0,3,3,3,0,1,0,0,0,0,1
84,2,0,0.5,30,20,0,0,1,2,2,0,0,0,1,4,2,4,7,1,1,0,3,3,3,0,1,0,0,0,0,1
84,2,40,0.5,0,60,0,1,0,2,2,1,0,0,1,4,2,4,7,1,1,0,3,3,3,0,1,0,0,0,0,1
85,1,20,0.25,0,60,0,0,1,3,1,2,1,0,0,4,1,6,5,3,3,0,3,2,2,0,1,0,1,0,0,1
85,2,0,0.25,60,40,0,0,1,1,4,1,1,0,0,4,1,6,5,3,3,0,3,2,2,0,1,0,1,0,0,1
85,2,0,0.5,60,40,0,1,0,1,1,1,1,0,0,4,1,6,5,3,3,0,3,2,2,0,1,0,1,0,0,1
85,2,0,0.25,30,60,1,0,0,2,2,0,1,0,0,4,1,6,5,3,3,0,3,2,2,0,1,0,1,0,0,1
85,2,0,0.5,30,20,0,0,1,2,2,0,1,0,0,4,1,6,5,3,3,0,3,2,2,0,1,0,1,0,0,1
85,2,40,0.5,0,60,0,1,0,2,2,1,1,0,0,4,1,6,5,3,3,0,3,2,2,0,1,0,1,0,0,1
86,1,20,0.25,0,60,0,0,1,3,1,2,0,1,0,3,2,5,11,1,1,0,2,1,1,0,0,0,0,0,0,1
86,2,0,0.25,60,40,0,0,1,1,4,1,0,1,0,3,2,5,11,1,1,0,2,1,1,0,0,0,0,0,0,1
86,2,0,0.5,60,40,0,1,0,1,1,1,0,1,0,3,2,5,11,1,1,0,2,1,1,0,0,0,0,0,0,1
86,2,0,0.25,30,60,1,0,0,2,2,0,0,1,0,3,2,5,11,1,1,0,2,1,1,0,0,0,0,0,0,1
86,2,0,0.5,30,20,0,0,1,2,2,0,0,1,0,3,2,5,11,1,1,0,2,1,1,0,0,0,0,0,0,1
86,2,40,0.5,0,60,0,1,0,2,2,1,0,1,0,3,2,5,11,1,1,0,2,1,1,0,0,0,0,0,0,1
89,1,0,0.25,30,60,1,0,0,2,2,0,0,0,0,4,2,1,2,1,1,0,3,4,4,0,0,1,0,1,0,1
89,1,0,0.5,30,20,0,0,1,2,2,0,0,0,0,4,2,1,2,1,1,0,3,4,4,0,0,1,0,1,0,1
89,1,40,0.5,0,60,0,0,1,3,3,0,0,0,0,4,2,1,2,1,1,0,3,4,4,0,0,1,0,1,0,1
89,2,0,0.25,60,40,0,0,1,1,4,1,0,0,0,4,2,1,2,1,1,0,3,4,4,0,0,1,0,1,0,1
89,2,0,0.5,60,40,0,1,0,1,1,1,0,0,0,4,2,1,2,1,1,0,3,4,4,0,0,1,0,1,0,1
89,2,40,0.5,0,60,0,1,0,2,2,1,0,0,0,4,2,1,2,1,1,0,3,4,4,0,0,1,0,1,0,1
90,1,20,0.25,0,60,0,0,1,3,1,2,0,1,0,2,2,1,5,2,4,1,2,3,3,0,1,0,0,0,0,1
90,2,0,0.25,60,40,0,0,1,1,4,1,0,1,0,2,2,1,5,2,4,1,2,3,3,0,1,0,0,0,0,1
90,2,0,0.5,60,40,0,1,0,1,1,1,0,1,0,2,2,1,5,2,4,1,2,3,3,0,1,0,0,0,0,1
90,2,0,0.25,30,60,1,0,0,2,2,0,0,1,0,2,2,1,5,2,4,1,2,3,3,0,1,0,0,0,0,1
90,2,0,0.5,30,20,0,0,1,2,2,0,0,1,0,2,2,1,5,2,4,1,2,3,3,0,1,0,0,0,0,1
90,2,40,0.5,0,60,0,1,0,2,2,1,0,1,0,2,2,1,5,2,4,1,2,3,3,0,1,0,0,0,0,1
94,1,0,0.5,30,20,0,0,1,2,2,0,1,0,0,4,2,2,4,1,1,0,1,2,2,0,1,0,0,0,0,0
94,1,20,0.25,0,60,0,0,1,3,1,2,1,0,0,4,2,2,4,1,1,0,1,2,2,0,1,0,0,0,0,0
94,2,0,0.25,60,40,0,0,1,1,4,1,1,0,0,4,2,2,4,1,1,0,1,2,2,0,1,0,0,0,0,0
94,2,0,0.5,60,40,0,1,0,1,1,1,1,0,0,4,2,2,4,1,1,0,1,2,2,0,1,0,0,0,0,0
94,2,0,0.25,30,60,1,0,0,2,2,0,1,0,0,4,2,2,4,1,1,0,1,2,2,0,1,0,0,0,0,0
94,2,40,0.5,0,60,0,1,0,2,2,1,1,0,0,4,2,2,4,1,1,0,1,2,2,0,1,0,0,0,0,0
103,1,20,0.25,0,60,0,0,1,3,1,2,1,0,0,2,1,2,0,2,1,0,3,4,4,1,0,0,0,0,0,1
103,2,0,0.25,60,40,0,0,1,1,4,1,1,0,0,2,1,2,0,2,1,0,3,4,4,1,0,0,0,0,0,1
103,2,0,0.5,60,40,0,1,0,1,1,1,1,0,0,2,1,2,0,2,1,0,3,4,4,1,0,0,0,0,0,1
103,2,0,0.25,30,60,1,0,0,2,2,0,1,0,0,2,1,2,0,2,1,0,3,4,4,1,0,0,0,0,0,1
103,2,0,0.5,30,20,0,0,1,2,2,0,1,0,0,2,1,2,0,2,1,0,3,4,4,1,0,0,0,0,0,1
103,2,40,0.5,0,60,0,1,0,2,2,1,1,0,0,2,1,2,0,2,1,0,3,4,4,1,0,0,0,0,0,1
107,1,40,0,60,40,0,0,1,3,0,4,1,0,0,3,1,2,6,1,1,0,2,3,4,0,0,0,0,0,0,0
107,2,0,0.25,60,40,0,0,1,1,4,1,1,0,0,3,1,2,6,1,1,0,2,3,4,0,0,0,0,0,0,0
107,2,0,0.5,60,40,0,1,0,1,1,1,1,0,0,3,1,2,6,1,1,0,2,3,4,0,0,0,0,0,0,0
107,2,0,0.25,30,60,1,0,0,2,2,0,1,0,0,3,1,2,6,1,1,0,2,3,4,0,0,0,0,0,0,0
107,2,0,0.5,30,20,0,0,1,2,2,0,1,0,0,3,1,2,6,1,1,0,2,3,4,0,0,0,0,0,0,0
107,2,40,0.5,0,60,0,1,0,2,2,1,1,0,0,3,1,2,6,1,1,0,2,3,4,0,0,0,0,0,0,0
123,1,40,0.5,0,60,0,0,1,3,3,0,1,0,0,2,2,4,5,1,1,0,3,4,2,0,0,0,1,0,0,0
123,2,0,0.25,60,40,0,0,1,1,4,1,1,0,0,2,2,4,5,1,1,0,3,4,2,0,0,0,1,0,0,0
123,2,0,0.5,60,40,0,1,0,1,1,1,1,0,0,2,2,4,5,1,1,0,3,4,2,0,0,0,1,0,0,0
123,2,0,0.25,30,60,1,0,0,2,2,0,1,0,0,2,2,4,5,1,1,0,3,4,2,0,0,0,1,0,0,0
123,2,0,0.5,30,20,0,0,1,2,2,0,1,0,0,2,2,4,5,1,1,0,3,4,2,0,0,0,1,0,0,0
123,2,40,0.5,0,60,0,1,0,2,2,1,1,0,0,2,2,4,5,1,1,0,3,4,2,0,0,0,1,0,0,0
127,1,40,0,60,40,0,0,1,3,0,4,0,1,0,3,2,4,10,1,1,0,2,2,2,0,1,0,0,0,0,1
127,2,0,0.25,60,40,0,0,1,1,4,1,0,1,0,3,2,4,10,1,1,0,2,2,2,0,1,0,0,0,0,1
127,2,0,0.5,60,40,0,1,0,1,1,1,0,1,0,3,2,4,10,1,1,0,2,2,2,0,1,0,0,0,0,1
127,2,0,0.25,30,60,1,0,0,2,2,0,0,1,0,3,2,4,10,1,1,0,2,2,2,0,1,0,0,0,0,1
127,2,0,0.5,30,20,0,0,1,2,2,0,0,1,0,3,2,4,10,1,1,0,2,2,2,0,1,0,0,0,0,1
127,2,40,0.5,0,60,0,1,0,2,2,1,0,1,0,3,2,4,10,1,1,0,2,2,2,0,1,0,0,0,0,1
131,1,0,0.5,30,20,0,0,1,2,2,0,0,1,0,3,1,2,8,1,2,0,1,3,3,0,1,1,0,0,0,0
131,1,40,0.5,0,60,0,0,1,3,3,0,0,1,0,3,1,2,8,1,2,0,1,3,3,0,1,1,0,0,0,0
131,1,40,0.25,30,20,0,0,1,3,0,0,0,1,0,3,1,2,8,1,2,0,1,3,3,0,1,1,0,0,0,0
131,1,40,0,60,40,0,0,1,3,0,4,0,1,0,3,1,2,8,1,2,0,1,3,3,0,1,1,0,0,0,0
131,2,0,0.25,60,40,0,0,1,1,4,1,0,1,0,3,1,2,8,1,2,0,1,3,3,0,1,1,0,0,0,0
131,2,0,0.5,60,40,0,1,0,1,1,1,0,1,0,3,1,2,8,1,2,0,1,3,3,0,1,1,0,0,0,0
137,1,40,0,60,40,0,0,1,3,0,4,1,0,0,4,2,2,10,1,4,0,2,2,2,0,1,0,0,0,0,1
137,2,0,0.25,60,40,0,0,1,1,4,1,1,0,0,4,2,2,10,1,4,0,2,2,2,0,1,0,0,0,0,1
137,2,0,0.5,60,40,0,1,0,1,1,1,1,0,0,4,2,2,10,1,4,0,2,2,2,0,1,0,0,0,0,1
137,2,0,0.25,30,60,1,0,0,2,2,0,1,0,0,4,2,2,10,1,4,0,2,2,2,0,1,0,0,0,0,1
137,2,0,0.5,30,20,0,0,1,2,2,0,1,0,0,4,2,2,10,1,4,0,2,2,2,0,1,0,0,0,0,1
137,2,40,0.5,0,60,0,1,0,2,2,1,1,0,0,4,2,2,10,1,4,0,2,2,2,0,1,0,0,0,0,1
149,1,0,0.5,30,20,0,0,1,2,2,0,1,0,0,3,1,2,9,1,3,0,2,2,2,0,1,0,0,0,0,1
149,1,20,0.25,0,60,0,0,1,3,1,2,1,0,0,3,1,2,9,1,3,0,2,2,2,0,1,0,0,0,0,1
149,2,0,0.25,60,40,0,0,1,1,4,1,1,0,0,3,1,2,9,1,3,0,2,2,2,0,1,0,0,0,0,1
149,2,0,0.5,60,40,0,1,0,1,1,1,1,0,0,3,1,2,9,1,3,0,2,2,2,0,1,0,0,0,0,1
149,2,0,0.25,30,60,1,0,0,2,2,0,1,0,0,3,1,2,9,1,3,0,2,2,2,0,1,0,0,0,0,1
149,2,40,0.5,0,60,0,1,0,2,2,1,1,0,0,3,1,2,9,1,3,0,2,2,2,0,1,0,0,0,0,1
170,1,20,0.25,0,60,0,0,1,3,1,2,0,1,0,4,2,2,5,2,1,0,1,2,2,1,0,0,0,1,0,1
170,2,0,0.25,60,40,0,0,1,1,4,1,0,1,0,4,2,2,5,2,1,0,1,2,2,1,0,0,0,1,0,1
170,2,0,0.5,60,40,0,1,0,1,1,1,0,1,0,4,2,2,5,2,1,0,1,2,2,1,0,0,0,1,0,1
170,2,0,0.25,30,60,1,0,0,2,2,0,0,1,0,4,2,2,5,2,1,0,1,2,2,1,0,0,0,1,0,1
170,2,0,0.5,30,20,0,0,1,2,2,0,0,1,0,4,2,2,5,2,1,0,1,2,2,1,0,0,0,1,0,1
170,2,40,0.5,0,60,0,1,0,2,2,1,0,1,0,4,2,2,5,2,1,0,1,2,2,1,0,0,0,1,0,1
178,1,0,0.5,30,20,0,0,1,2,2,0,0,1,0,4,2,1,8,4,1,0,1,4,2,0,1,1,0,0,0,1
178,1,40,0.5,0,60,0,1,0,2,2,1,0,1,0,4,2,1,8,4,1,0,1,4,2,0,1,1,0,0,0,1
178,1,40,0.5,0,60,0,0,1,3,3,0,0,1,0,4,2,1,8,4,1,0,1,4,2,0,1,1,0,0,0,1
178,1,20,0.25,0,60,0,0,1,3,1,2,0,1,0,4,2,1,8,4,1,0,1,4,2,0,1,1,0,0,0,1
178,2,0,0.25,60,40,0,0,1,1,4,1,0,1,0,4,2,1,8,4,1,0,1,4,2,0,1,1,0,0,0,1
178,2,0,0.5,60,40,0,1,0,1,1,1,0,1,0,4,2,1,8,4,1,0,1,4,2,0,1,1,0,0,0,1
180,1,40,0.25,30,20,0,0,1,3,0,0,1,0,0,3,1,1,4,4,1,0,1,3,2,0,0,0,0,0,0,1
180,1,20,0.25,0,60,0,0,1,3,1,2,1,0,0,3,1,1,4,4,1,0,1,3,2,0,0,0,0,0,0,1
180,2,0,0.25,60,40,0,0,1,1,4,1,1,0,0,3,1,1,4,4,1,0,1,3,2,0,0,0,0,0,0,1
180,2,0,0.5,60,40,0,1,0,1,1,1,1,0,0,3,1,1,4,4,1,0,1,3,2,0,0,0,0,0,0,1
180,2,0,0.25,30,60,1,0,0,2,2,0,1,0,0,3,1,1,4,4,1,0,1,3,2,0,0,0,0,0,0,1
180,2,40,0.5,0,60,0,1,0,2,2,1,1,0,0,3,1,1,4,4,1,0,1,3,2,0,0,0,0,0,0,1
183,1,40,0,60,40,0,0,1,3,0,4,0,0,1,3,2,2,7,1,1,0,2,2,2,0,1,0,0,0,0,1
183,2,0,0.25,60,40,0,0,1,1,4,1,0,0,1,3,2,2,7,1,1,0,2,2,2,0,1,0,0,0,0,1
183,2,0,0.5,60,40,0,1,0,1,1,1,0,0,1,3,2,2,7,1,1,0,2,2,2,0,1,0,0,0,0,1
183,2,0,0.25,30,60,1,0,0,2,2,0,0,0,1,3,2,2,7,1,1,0,2,2,2,0,1,0,0,0,0,1
183,2,0,0.5,30,20,0,0,1,2,2,0,0,0,1,3,2,2,7,1,1,0,2,2,2,0,1,0,0,0,0,1
183,2,40,0.5,0,60,0,1,0,2,2,1,0,0,1,3,2,2,7,1,1,0,2,2,2,0,1,0,0,0,0,1
189,1,0,0.5,60,40,0,1,0,1,1,1,0,1,0,4,1,2,3,1,1,0,3,2,1,0,1,0,1,0,0,0
189,1,0,0.25,30,60,1,0,0,2,2,0,0,1,0,4,1,2,3,1,1,0,3,2,1,0,1,0,1,0,0,0
189,1,0,0.5,30,20,0,0,1,2,2,0,0,1,0,4,1,2,3,1,1,0,3,2,1,0,1,0,1,0,0,0
189,1,40,0.5,0,60,0,0,1,3,3,0,0,1,0,4,1,2,3,1,1,0,3,2,1,0,1,0,1,0,0,0
189,1,40,0,60,40,0,0,1,3,0,4,0,1,0,4,1,2,3,1,1,0,3,2,1,0,1,0,1,0,0,0
189,2,40,0.5,0,60,0,1,0,2,2,1,0,1,0,4,1,2,3,1,1,0,3,2,1,0,1,0,1,0,0,0
190,1,40,0.5,0,60,0,0,1,3,3,0,0,1,0,4,1,1,12,4,1,0,3,5,3,0,0,1,0,0,0,0
190,2,0,0.25,60,40,0,0,1,1,4,1,0,1,0,4,1,1,12,4,1,0,3,5,3,0,0,1,0,0,0,0
190,2,0,0.5,60,40,0,1,0,1,1,1,0,1,0,4,1,1,12,4,1,0,3,5,3,0,0,1,0,0,0,0
190,2,0,0.25,30,60,1,0,0,2,2,0,0,1,0,4,1,1,12,4,1,0,3,5,3,0,0,1,0,0,0,0
190,2,0,0.5,30,20,0,0,1,2,2,0,0,1,0,4,1,1,12,4,1,0,3,5,3,0,0,1,0,0,0,0
190,2,40,0.5,0,60,0,1,0,2,2,1,0,1,0,4,1,1,12,4,1,0,3,5,3,0,0,1,0,0,0,0
193,1,40,0,60,40,0,0,1,3,0,4,0,1,0,2,2,2,10,1,1,0,2,2,2,1,0,0,0,0,0,0
193,2,0,0.25,60,40,0,0,1,1,4,1,0,1,0,2,2,2,10,1,1,0,2,2,2,1,0,0,0,0,0,0
193,2,0,0.5,60,40,0,1,0,1,1,1,0,1,0,2,2,2,10,1,1,0,2,2,2,1,0,0,0,0,0,0
193,2,0,0.25,30,60,1,0,0,2,2,0,0,1,0,2,2,2,10,1,1,0,2,2,2,1,0,0,0,0,0,0
193,2,0,0.5,30,20,0,0,1,2,2,0,0,1,0,2,2,2,10,1,1,0,2,2,2,1,0,0,0,0,0,0
193,2,40,0.5,0,60,0,1,0,2,2,1,0,1,0,2,2,2,10,1,1,0,2,2,2,1,0,0,0,0,0,0
200,1,40,0,30,20,0,0,1,2,3,0,0,0,1,4,1,2,7,1,1,0,2,4,4,0,1,0,0,0,0,0
200,1,40,0.5,0,40,0,0,1,3,1,0,0,0,1,4,1,2,7,1,1,0,2,4,4,0,1,0,0,0,0,0
200,2,20,0,60,40,0,1,0,1,2,0,0,0,1,4,1,2,7,1,1,0,2,4,4,0,1,0,0,0,0,0
200,2,20,0,60,40,0,0,1,1,0,2,0,0,1,4,1,2,7,1,1,0,2,4,4,0,1,0,0,0,0,0
200,2,40,0,30,20,0,1,0,1,0,1,0,0,1,4,1,2,7,1,1,0,2,4,4,0,1,0,0,0,0,0
200,2,0,0.5,30,60,0,0,1,1,1,2,0,0,1,4,1,2,7,1,1,0,2,4,4,0,1,0,0,0,0,0
204,1,20,0,60,40,0,1,0,1,2,0,1,0,0,3,1,2,8,1,4,0,3,5,2,0,1,1,0,0,0,0
204,1,20,0,60,40,0,0,1,1,0,2,1,0,0,3,1,2,8,1,4,0,3,5,2,0,1,1,0,0,0,0
204,1,0,0.5,30,60,0,0,1,1,1,2,1,0,0,3,1,2,8,1,4,0,3,5,2,0,1,1,0,0,0,0
204,1,20,0.25,0,40,0,1,0,2,0,0,1,0,0,3,1,2,8,1,4,0,3,5,2,0,1,1,0,0,0,0
204,1,40,0.5,0,40,0,0,1,3,1,0,1,0,0,3,1,2,8,1,4,0,3,5,2,0,1,1,0,0,0,0
204,1,0,0.25,60,20,0,0,1,3,0,2,1,0,0,3,1,2,8,1,4,0,3,5,2,0,1,1,0,0,0,0
205,1,20,0,60,40,0,1,0,1,2,0,1,0,0,3,1,2,3,1,2,0,1,2,2,0,1,0,0,0,0,0
205,1,20,0,60,40,0,0,1,1,0,2,1,0,0,3,1,2,3,1,2,0,1,2,2,0,1,0,0,0,0,0
205,1,0,0.25,60,20,0,0,1,3,0,2,1,0,0,3,1,2,3,1,2,0,1,2,2,0,1,0,0,0,0,0
205,2,20,0,30,40,0,0,1,2,1,1,1,0,0,3,1,2,3,1,2,0,1,2,2,0,1,0,0,0,0,0
205,2,40,0,30,20,0,0,1,2,3,0,1,0,0,3,1,2,3,1,2,0,1,2,2,0,1,0,0,0,0,0
205,2,20,0.25,0,40,0,1,0,2,0,0,1,0,0,3,1,2,3,1,2,0,1,2,2,0,1,0,0,0,0,0
206,1,40,0,30,20,0,0,1,2,3,0,0,0,0,2,2,2,4,2,1,0,2,2,2,0,0,0,0,0,0,1
206,2,20,0,60,40,0,1,0,1,2,0,0,0,0,2,2,2,4,2,1,0,2,2,2,0,0,0,0,0,0,1
206,2,20,0,60,40,0,0,1,1,0,2,0,0,0,2,2,2,4,2,1,0,2,2,2,0,0,0,0,0,0,1
206,2,40,0,30,20,0,1,0,1,0,1,0,0,0,2,2,2,4,2,1,0,2,2,2,0,0,0,0,0,0,1
206,2,0,0.5,30,60,0,0,1,1,1,2,0,0,0,2,2,2,4,2,1,0,2,2,2,0,0,0,0,0,0,1
206,2,20,0.25,0,40,0,1,0,2,0,0,0,0,0,2,2,2,4,2,1,0,2,2,2,0,0,0,0,0,0,1
208,1,0,0.25,60,20,0,0,1,3,0,2,1,0,0,3,1,2,6,1,3,0,1,1,1,0,1,0,0,0,0,1
208,2,20,0,60,40,0,1,0,1,2,0,1,0,0,3,1,2,6,1,3,0,1,1,1,0,1,0,0,0,0,1
208,2,20,0,60,40,0,0,1,1,0,2,1,0,0,3,1,2,6,1,3,0,1,1,1,0,1,0,0,0,0,1
208,2,0,0.5,30,60,0,0,1,1,1,2,1,0,0,3,1,2,6,1,3,0,1,1,1,0,1,0,0,0,0,1
208,2,40,0,30,20,0,0,1,2,3,0,1,0,0,3,1,2,6,1,3,0,1,1,1,0,1,0,0,0,0,1
208,2,20,0.25,0,40,0,1,0,2,0,0,1,0,0,3,1,2,6,1,3,0,1,1,1,0,1,0,0,0,0,1
209,1,20,0.25,0,40,0,1,0,2,0,0,0,1,0,1,1,1,0,4,4,0,1,3,3,0,0,0,0,0,0,0
209,1,40,0.5,0,40,0,0,1,3,1,0,0,1,0,1,1,1,0,4,4,0,1,3,3,0,0,0,0,0,0,0
209,1,0,0.25,60,20,0,0,1,3,0,2,0,1,0,1,1,1,0,4,4,0,1,3,3,0,0,0,0,0,0,0
209,2,20,0,60,40,0,0,1,1,0,2,0,1,0,1,1,1,0,4,4,0,1,3,3,0,0,0,0,0,0,0
209,2,40,0,30,20,0,1,0,1,0,1,0,1,0,1,1,1,0,4,4,0,1,3,3,0,0,0,0,0,0,0
209,2,0,0.5,30,60,0,0,1,1,1,2,0,1,0,1,1,1,0,4,4,0,1,3,3,0,0,0,0,0,0,0
213,1,20,0,30,40,0,0,1,2,1,1,0,1,0,3,1,2,2,2,3,0,3,2,0,0,0,0,0,0,0,0
213,1,20,0.25,0,40,0,1,0,2,0,0,0,1,0,3,1,2,2,2,3,0,3,2,0,0,0,0,0,0,0,0
213,1,40,0.5,0,40,0,0,1,3,1,0,0,1,0,3,1,2,2,2,3,0,3,2,0,0,0,0,0,0,0,0
213,2,20,0,60,40,0,0,1,1,0,2,0,1,0,3,1,2,2,2,3,0,3,2,0,0,0,0,0,0,0,0
213,2,40,0,30,20,0,1,0,1,0,1,0,1,0,3,1,2,2,2,3,0,3,2,0,0,0,0,0,0,0,0
213,2,0,0.5,30,60,0,0,1,1,1,2,0,1,0,3,1,2,2,2,3,0,3,2,0,0,0,0,0,0,0,0
217,1,0,0.5,30,60,0,0,1,1,1,2,0,1,0,4,1,1,7,1,3,0,3,2,2,0,0,0,0,0,0,0
217,1,20,0,30,40,0,0,1,2,1,1,0,1,0,4,1,1,7,1,3,0,3,2,2,0,0,0,0,0,0,0
217,1,40,0.5,0,40,0,0,1,3,1,0,0,1,0,4,1,1,7,1,3,0,3,2,2,0,0,0,0,0,0,0
217,2,20,0,60,40,0,1,0,1,2,0,0,1,0,4,1,1,7,1,3,0,3,2,2,0,0,0,0,0,0,0
217,2,20,0,60,40,0,0,1,1,0,2,0,1,0,4,1,1,7,1,3,0,3,2,2,0,0,0,0,0,0,0
217,2,20,0.25,0,40,0,1,0,2,0,0,0,1,0,4,1,1,7,1,3,0,3,2,2,0,0,0,0,0,0,0
221,1,20,0,60,40,0,0,1,1,0,2,1,0,0,4,2,1,4,4,3,0,1,3,1,0,1,0,1,1,1,0
221,1,0,0.5,30,60,0,0,1,1,1,2,1,0,0,4,2,1,4,4,3,0,1,3,1,0,1,0,1,1,1,0
221,1,40,0,30,20,0,0,1,2,3,0,1,0,0,4,2,1,4,4,3,0,1,3,1,0,1,0,1,1,1,0
221,1,20,0.25,0,40,0,1,0,2,0,0,1,0,0,4,2,1,4,4,3,0,1,3,1,0,1,0,1,1,1,0
221,1,40,0.5,0,40,0,0,1,3,1,0,1,0,0,4,2,1,4,4,3,0,1,3,1,0,1,0,1,1,1,0
221,1,0,0.25,60,20,0,0,1,3,0,2,1,0,0,4,2,1,4,4,3,0,1,3,1,0,1,0,1,1,1,0
225,1,40,0.5,0,40,0,0,1,3,1,0,0,1,0,3,2,1,1,4,1,0,2,1,1,0,1,0,0,0,0,0
225,1,0,0.25,60,20,0,0,1,3,0,2,0,1,0,3,2,1,1,4,1,0,2,1,1,0,1,0,0,0,0,0
225,2,20,0,60,40,0,1,0,1,2,0,0,1,0,3,2,1,1,4,1,0,2,1,1,0,1,0,0,0,0,0
225,2,20,0,60,40,0,0,1,1,0,2,0,1,0,3,2,1,1,4,1,0,2,1,1,0,1,0,0,0,0,0
225,2,40,0,30,20,0,1,0,1,0,1,0,1,0,3,2,1,1,4,1,0,2,1,1,0,1,0,0,0,0,0
225,2,0,0.5,30,60,0,0,1,1,1,2,0,1,0,3,2,1,1,4,1,0,2,1,1,0,1,0,0,0,0,0
227,1,40,0,30,20,0,0,1,2,3,0,1,0,0,4,2,5,7,1,1,0,3,2,2,1,0,0,0,0,0,0
227,1,20,0.25,0,40,0,1,0,2,0,0,1,0,0,4,2,5,7,1,1,0,3,2,2,1,0,0,0,0,0,0
227,2,20,0,60,40,0,1,0,1,2,0,1,0,0,4,2,5,7,1,1,0,3,2,2,1,0,0,0,0,0,0
227,2,20,0,60,40,0,0,1,1,0,2,1,0,0,4,2,5,7,1,1,0,3,2,2,1,0,0,0,0,0,0
227,2,40,0,30,20,0,1,0,1,0,1,1,0,0,4,2,5,7,1,1,0,3,2,2,1,0,0,0,0,0,0
227,2,0,0.5,30,60,0,0,1,1,1,2,1,0,0,4,2,5,7,1,1,0,3,2,2,1,0,0,0,0,0,0
228,1,0,0.5,30,60,0,0,1,1,1,2,0,1,0,4,0,1,3,1,1,0,3,3,2,0,1,0,1,1,0,1
228,1,20,0,30,40,0,0,1,2,1,1,0,1,0,4,0,1,3,1,1,0,3,3,2,0,1,0,1,1,0,1
228,1,40,0,30,20,0,0,1,2,3,0,0,1,0,4,0,1,3,1,1,0,3,3,2,0,1,0,1,1,0,1
228,1,40,0.5,0,40,0,0,1,3,1,0,0,1,0,4,0,1,3,1,1,0,3,3,2,0,1,0,1,1,0,1
228,2,20,0,60,40,0,0,1,1,0,2,0,1,0,4,0,1,3,1,1,0,3,3,2,0,1,0,1,1,0,1
228,2,20,0.25,0,40,0,1,0,2,0,0,0,1,0,4,0,1,3,1,1,0,3,3,2,0,1,0,1,1,0,1
229,1,0,0.25,60,20,0,0,1,3,0,2,0,1,0,2,1,2,6,2,1,0,3,3,2,0,1,0,0,0,0,1
229,2,20,0,60,40,0,1,0,1,2,0,0,1,0,2,1,2,6,2,1,0,3,3,2,0,1,0,0,0,0,1
229,2,20,0,60,40,0,0,1,1,0,2,0,1,0,2,1,2,6,2,1,0,3,3,2,0,1,0,0,0,0,1
229,2,40,0,30,20,0,1,0,1,0,1,0,1,0,2,1,2,6,2,1,0,3,3,2,0,1,0,0,0,0,1
229,2,0,0.5,30,60,0,0,1,1,1,2,0,1,0,2,1,2,6,2,1,0,3,3,2,0,1,0,0,0,0,1
229,2,40,0,30,20,0,0,1,2,3,0,0,1,0,2,1,2,6,2,1,0,3,3,2,0,1,0,0,0,0,1
231,1,20,0,30,40,0,0,1,2,1,1,1,0,0,3,2,1,6,1,3,0,2,3,0,0,0,0,0,0,0,1
231,1,40,0,30,20,0,0,1,2,3,0,1,0,0,3,2,1,6,1,3,0,2,3,0,0,0,0,0,0,0,1
231,1,40,0.5,0,40,0,0,1,3,1,0,1,0,0,3,2,1,6,1,3,0,2,3,0,0,0,0,0,0,0,1
231,2,20,0,60,40,0,1,0,1,2,0,1,0,0,3,2,1,6,1,3,0,2,3,0,0,0,0,0,0,0,1
231,2,20,0,60,40,0,0,1,1,0,2,1,0,0,3,2,1,6,1,3,0,2,3,0,0,0,0,0,0,0,1
231,2,0,0.5,30,60,0,0,1,1,1,2,1,0,0,3,2,1,6,1,3,0,2,3,0,0,0,0,0,0,0,1
239,1,40,0,30,20,0,1,0,1,0,1,1,0,0,3,1,1,1,4,3,0,2,5,1,0,0,1,0,0,0,0
239,1,0,0.5,30,60,0,0,1,1,1,2,1,0,0,3,1,1,1,4,3,0,2,5,1,0,0,1,0,0,0,0
239,1,20,0,30,40,0,0,1,2,1,1,1,0,0,3,1,1,1,4,3,0,2,5,1,0,0,1,0,0,0,0
239,1,20,0.25,0,40,0,1,0,2,0,0,1,0,0,3,1,1,1,4,3,0,2,5,1,0,0,1,0,0,0,0
239,1,40,0.5,0,40,0,0,1,3,1,0,1,0,0,3,1,1,1,4,3,0,2,5,1,0,0,1,0,0,0,0
239,2,20,0,60,40,0,0,1,1,0,2,1,0,0,3,1,1,1,4,3,0,2,5,1,0,0,1,0,0,0,0
240,1,20,0,30,40,0,0,1,2,1,1,1,0,0,4,1,1,4,2,1,0,2,3,2,0,1,0,0,1,0,1
240,1,20,0.25,0,40,0,1,0,2,0,0,1,0,0,4,1,1,4,2,1,0,2,3,2,0,1,0,0,1,0,1
240,1,40,0.5,0,40,0,0,1,3,1,0,1,0,0,4,1,1,4,2,1,0,2,3,2,0,1,0,0,1,0,1
240,2,20,0,60,40,0,1,0,1,2,0,1,0,0,4,1,1,4,2,1,0,2,3,2,0,1,0,0,1,0,1
240,2,20,0,60,40,0,0,1,1,0,2,1,0,0,4,1,1,4,2,1,0,2,3,2,0,1,0,0,1,0,1
240,2,40,0,30,20,0,1,0,1,0,1,1,0,0,4,1,1,4,2,1,0,2,3,2,0,1,0,0,1,0,1
241,1,40,0,30,20,0,0,1,2,3,0,0,1,0,4,2,1,12,4,3,0,2,4,3,0,1,1,0,0,0,0
241,1,0,0.25,60,20,0,0,1,3,0,2,0,1,0,4,2,1,12,4,3,0,2,4,3,0,1,1,0,0,0,0
241,2,20,0,60,40,0,1,0,1,2,0,0,1,0,4,2,1,12,4,3,0,2,4,3,0,1,1,0,0,0,0
241,2,20,0,60,40,0,0,1,1,0,2,0,1,0,4,2,1,12,4,3,0,2,4,3,0,1,1,0,0,0,0
241,2,40,0,30,20,0,1,0,1,0,1,0,1,0,4,2,1,12,4,3,0,2,4,3,0,1,1,0,0,0,0
241,2,0,0.5,30,60,0,0,1,1,1,2,0,1,0,4,2,1,12,4,3,0,2,4,3,0,1,1,0,0,0,0
245,1,0,0.5,30,60,0,0,1,1,1,2,0,0,0,3,2,6,4,3,2,0,2,2,2,0,1,0,1,0,0,0
245,1,40,0,30,20,0,0,1,2,3,0,0,0,0,3,2,6,4,3,2,0,2,2,2,0,1,0,1,0,0,0
245,1,20,0.25,0,40,0,1,0,2,0,0,0,0,0,3,2,6,4,3,2,0,2,2,2,0,1,0,1,0,0,0
245,1,0,0.25,60,20,0,0,1,3,0,2,0,0,0,3,2,6,4,3,2,0,2,2,2,0,1,0,1,0,0,0
245,2,20,0,60,40,0,1,0,1,2,0,0,0,0,3,2,6,4,3,2,0,2,2,2,0,1,0,1,0,0,0
245,2,40,0,30,20,0,1,0,1,0,1,0,0,0,3,2,6,4,3,2,0,2,2,2,0,1,0,1,0,0,0
249,1,0,0.5,30,60,0,0,1,1,1,2,0,1,0,2,1,1,1,4,2,0,2,3,0,0,1,1,1,0,0,0
249,1,0,0.25,60,20,0,0,1,3,0,2,0,1,0,2,1,1,1,4,2,0,2,3,0,0,1,1,1,0,0,0
249,2,20,0,60,40,0,1,0,1,2,0,0,1,0,2,1,1,1,4,2,0,2,3,0,0,1,1,1,0,0,0
249,2,20,0,60,40,0,0,1,1,0,2,0,1,0,2,1,1,1,4,2,0,2,3,0,0,1,1,1,0,0,0
249,2,20,0,30,40,0,0,1,2,1,1,0,1,0,2,1,1,1,4,2,0,2,3,0,0,1,1,1,0,0,0
249,2,20,0.25,0,40,0,1,0,2,0,0,0,1,0,2,1,1,1,4,2,0,2,3,0,0,1,1,1,0,0,0
254,1,20,0,30,40,0,0,1,2,1,1,0,1,0,3,1,1,5,2,1,0,2,2,2,0,1,0,0,0,0,0
254,1,20,0.25,0,40,0,1,0,2,0,0,0,1,0,3,1,1,5,2,1,0,2,2,2,0,1,0,0,0,0,0
254,2,20,0,60,40,0,1,0,1,2,0,0,1,0,3,1,1,5,2,1,0,2,2,2,0,1,0,0,0,0,0
254,2,20,0,60,40,0,0,1,1,0,2,0,1,0,3,1,1,5,2,1,0,2,2,2,0,1,0,0,0,0,0
254,2,40,0,30,20,0,1,0,1,0,1,0,1,0,3,1,1,5,2,1,0,2,2,2,0,1,0,0,0,0,0
254,2,0,0.5,30,60,0,0,1,1,1,2,0,1,0,3,1,1,5,2,1,0,2,2,2,0,1,0,0,0,0,0
263,1,0,0.5,30,60,0,0,1,1,1,2,0,0,1,4,1,1,3,1,2,0,3,1,1,0,1,0,0,0,0,1
263,1,20,0.25,0,40,0,1,0,2,0,0,0,0,1,4,1,1,3,1,2,0,3,1,1,0,1,0,0,0,0,1
263,1,40,0.5,0,40,0,0,1,3,1,0,0,0,1,4,1,1,3,1,2,0,3,1,1,0,1,0,0,0,0,1
263,1,0,0.25,60,20,0,0,1,3,0,2,0,0,1,4,1,1,3,1,2,0,3,1,1,0,1,0,0,0,0,1
263,2,20,0,60,40,0,1,0,1,2,0,0,0,1,4,1,1,3,1,2,0,3,1,1,0,1,0,0,0,0,1
263,2,20,0,60,40,0,0,1,1,0,2,0,0,1,4,1,1,3,1,2,0,3,1,1,0,1,0,0,0,0,1
281,1,0,0.5,30,60,0,0,1,1,1,2,0,1,0,3,1,1,7,2,1,1,1,6,2,0,1,1,0,0,0,0
281,1,20,0,30,40,0,0,1,2,1,1,0,1,0,3,1,1,7,2,1,1,1,6,2,0,1,1,0,0,0,0
281,1,40,0,30,20,0,0,1,2,3,0,0,1,0,3,1,1,7,2,1,1,1,6,2,0,1,1,0,0,0,0
281,1,20,0.25,0,40,0,1,0,2,0,0,0,1,0,3,1,1,7,2,1,1,1,6,2,0,1,1,0,0,0,0
281,1,40,0.5,0,40,0,0,1,3,1,0,0,1,0,3,1,1,7,2,1,1,1,6,2,0,1,1,0,0,0,0
281,1,0,0.25,60,20,0,0,1,3,0,2,0,1,0,3,1,1,7,2,1,1,1,6,2,0,1,1,0,0,0,0
282,1,40,0,30,20,0,0,1,2,3,0,0,1,0,4,2,4,3,2,1,0,1,1,1,0,1,0,0,0,0,0
282,1,0,0.25,60,20,0,0,1,3,0,2,0,1,0,4,2,4,3,2,1,0,1,1,1,0,1,0,0,0,0,0
282,2,20,0,60,40,0,1,0,1,2,0,0,1,0,4,2,4,3,2,1,0,1,1,1,0,1,0,0,0,0,0
282,2,20,0,60,40,0,0,1,1,0,2,0,1,0,4,2,4,3,2,1,0,1,1,1,0,1,0,0,0,0,0
282,2,40,0,30,20,0,1,0,1,0,1,0,1,0,4,2,4,3,2,1,0,1,1,1,0,1,0,0,0,0,0
282,2,0,0.5,30,60,0,0,1,1,1,2,0,1,0,4,2,4,3,2,1,0,1,1,1,0,1,0,0,0,0,0
283,1,20,0.25,0,40,0,1,0,2,0,0,0,1,0,4,1,1,6,1,3,0,2,4,1,0,1,0,0,0,0,1
283,1,40,0.5,0,40,0,0,1,3,1,0,0,1,0,4,1,1,6,1,3,0,2,4,1,0,1,0,0,0,0,1
283,2,20,0,60,40,0,1,0,1,2,0,0,1,0,4,1,1,6,1,3,0,2,4,1,0,1,0,0,0,0,1
283,2,20,0,60,40,0,0,1,1,0,2,0,1,0,4,1,1,6,1,3,0,2,4,1,0,1,0,0,0,0,1
283,2,40,0,30,20,0,1,0,1,0,1,0,1,0,4,1,1,6,1,3,0,2,4,1,0,1,0,0,0,0,1
283,2,0,0.5,30,60,0,0,1,1,1,2,0,1,0,4,1,1,6,1,3,0,2,4,1,0,1,0,0,0,0,1
284,1,40,0,30,20,0,0,1,2,3,0,1,0,0,4,1,1,5,1,1,0,1,1,1,0,0,0,0,0,0,1
284,1,40,0.5,0,40,0,0,1,3,1,0,1,0,0,4,1,1,5,1,1,0,1,1,1,0,0,0,0,0,0,1
284,2,20,0,60,40,0,1,0,1,2,0,1,0,0,4,1,1,5,1,1,0,1,1,1,0,0,0,0,0,0,1
284,2,20,0,60,40,0,0,1,1,0,2,1,0,0,4,1,1,5,1,1,0,1,1,1,0,0,0,0,0,0,1
284,2,40,0,30,20,0,1,0,1,0,1,1,0,0,4,1,1,5,1,1,0,1,1,1,0,0,0,0,0,0,1
284,2,0,0.5,30,60,0,0,1,1,1,2,1,0,0,4,1,1,5,1,1,0,1,1,1,0,0,0,0,0,0,1
287,1,20,0,30,40,0,0,1,2,1,1,0,1,0,3,1,2,5,1,1,0,1,1,1,0,0,0,0,0,0,1
287,1,40,0,30,20,0,0,1,2,3,0,0,1,0,3,1,2,5,1,1,0,1,1,1,0,0,0,0,0,0,1
287,2,20,0,60,40,0,1,0,1,2,0,0,1,0,3,1,2,5,1,1,0,1,1,1,0,0,0,0,0,0,1
287,2,20,0,60,40,0,0,1,1,0,2,0,1,0,3,1,2,5,1,1,0,1,1,1,0,0,0,0,0,0,1
287,2,0,0.5,30,60,0,0,1,1,1,2,0,1,0,3,1,2,5,1,1,0,1,1,1,0,0,0,0,0,0,1
287,2,20,0.25,0,40,0,1,0,2,0,0,0,1,0,3,1,2,5,1,1,0,1,1,1,0,0,0,0,0,0,1
288,1,20,0,30,40,0,0,1,2,1,1,0,1,0,4,2,1,5,1,3,0,1,3,2,0,1,0,0,0,0,0
288,1,40,0.5,0,40,0,0,1,3,1,0,0,1,0,4,2,1,5,1,3,0,1,3,2,0,1,0,0,0,0,0
288,2,20,0,60,40,0,1,0,1,2,0,0,1,0,4,2,1,5,1,3,0,1,3,2,0,1,0,0,0,0,0
288,2,20,0,60,40,0,0,1,1,0,2,0,1,0,4,2,1,5,1,3,0,1,3,2,0,1,0,0,0,0,0
288,2,40,0,30,20,0,1,0,1,0,1,0,1,0,4,2,1,5,1,3,0,1,3,2,0,1,0,0,0,0,0
288,2,0,0.5,30,60,0,0,1,1,1,2,0,1,0,4,2,1,5,1,3,0,1,3,2,0,1,0,0,0,0,0
289,1,40,0,30,20,0,0,1,2,3,0,0,0,1,2,1,3,7,1,1,0,3,4,2,0,0,1,0,0,0,0
289,1,40,0.5,0,40,0,0,1,3,1,0,0,0,1,2,1,3,7,1,1,0,3,4,2,0,0,1,0,0,0,0
289,1,0,0.25,60,20,0,0,1,3,0,2,0,0,1,2,1,3,7,1,1,0,3,4,2,0,0,1,0,0,0,0
289,2,20,0,60,40,0,0,1,1,0,2,0,0,1,2,1,3,7,1,1,0,3,4,2,0,0,1,0,0,0,0
289,2,40,0,30,20,0,1,0,1,0,1,0,0,1,2,1,3,7,1,1,0,3,4,2,0,0,1,0,0,0,0
289,2,0,0.5,30,60,0,0,1,1,1,2,0,0,1,2,1,3,7,1,1,0,3,4,2,0,0,1,0,0,0,0
292,2,20,0,60,40,0,0,1,1,0,2,0,1,0,4,1,1,8,1,1,0,2,4,2,0,0,0,0,0,0,1
292,2,40,0,30,20,0,1,0,1,0,1,0,1,0,4,1,1,8,1,1,0,2,4,2,0,0,0,0,0,0,1
292,2,0,0.5,30,60,0,0,1,1,1,2,0,1,0,4,1,1,8,1,1,0,2,4,2,0,0,0,0,0,0,1
292,2,20,0,30,40,0,0,1,2,1,1,0,1,0,4,1,1,8,1,1,0,2,4,2,0,0,0,0,0,0,1
292,2,40,0,30,20,0,0,1,2,3,0,0,1,0,4,1,1,8,1,1,0,2,4,2,0,0,0,0,0,0,1
292,2,20,0.25,0,40,0,1,0,2,0,0,0,1,0,4,1,1,8,1,1,0,2,4,2,0,0,0,0,0,0,1
293,1,20,0,60,40,0,0,1,1,0,2,0,0,0,2,2,1,3,1,1,0,1,1,1,0,1,0,0,0,0,0
293,1,40,0,30,20,0,1,0,1,0,1,0,0,0,2,2,1,3,1,1,0,1,1,1,0,1,0,0,0,0,0
293,1,0,0.5,30,60,0,0,1,1,1,2,0,0,0,2,2,1,3,1,1,0,1,1,1,0,1,0,0,0,0,0
293,1,20,0,30,40,0,0,1,2,1,1,0,0,0,2,2,1,3,1,1,0,1,1,1,0,1,0,0,0,0,0
293,1,20,0.25,0,40,0,1,0,2,0,0,0,0,0,2,2,1,3,1,1,0,1,1,1,0,1,0,0,0,0,0
293,1,40,0.5,0,40,0,0,1,3,1,0,0,0,0,2,2,1,3,1,1,0,1,1,1,0,1,0,0,0,0,0
294,1,20,0,60,40,0,1,0,1,2,0,0,1,0,3,2,2,7,1,2,0,3,2,1,1,0,0,0,0,1,0
294,1,20,0,60,40,0,0,1,1,0,2,0,1,0,3,2,2,7,1,2,0,3,2,1,1,0,0,0,0,1,0
294,1,0,0.5,30,60,0,0,1,1,1,2,0,1,0,3,2,2,7,1,2,0,3,2,1,1,0,0,0,0,1,0
294,1,40,0.5,0,40,0,0,1,3,1,0,0,1,0,3,2,2,7,1,2,0,3,2,1,1,0,0,0,0,1,0
294,1,0,0.25,60,20,0,0,1,3,0,2,0,1,0,3,2,2,7,1,2,0,3,2,1,1,0,0,0,0,1,0
294,2,20,0,30,40,0,0,1,2,1,1,0,1,0,3,2,2,7,1,2,0,3,2,1,1,0,0,0,0,1,0
325,1,20,0,30,40,0,0,1,2,1,1,0,1,0,3,2,4,7,2,1,0,3,7,1,1,0,1,1,0,1,0
325,1,20,0.25,0,40,0,1,0,2,0,0,0,1,0,3,2,4,7,2,1,0,3,7,1,1,0,1,1,0,1,0
325,1,0,0.25,60,20,0,0,1,3,0,2,0,1,0,3,2,4,7,2,1,0,3,7,1,1,0,1,1,0,1,0
325,2,20,0,60,40,0,1,0,1,2,0,0,1,0,3,2,4,7,2,1,0,3,7,1,1,0,1,1,0,1,0
325,2,20,0,60,40,0,0,1,1,0,2,0,1,0,3,2,4,7,2,1,0,3,7,1,1,0,1,1,0,1,0
325,2,0,0.5,30,60,0,0,1,1,1,2,0,1,0,3,2,4,7,2,1,0,3,7,1,1,0,1,1,0,1,0
326,1,20,0.25,0,40,0,1,0,2,0,0,0,0,0,4,2,3,5,1,1,0,3,3,1,0,0,0,0,1,0,1
326,1,40,0.5,0,40,0,0,1,3,1,0,0,0,0,4,2,3,5,1,1,0,3,3,1,0,0,0,0,1,0,1
326,2,20,0,60,40,0,1,0,1,2,0,0,0,0,4,2,3,5,1,1,0,3,3,1,0,0,0,0,1,0,1
326,2,20,0,60,40,0,0,1,1,0,2,0,0,0,4,2,3,5,1,1,0,3,3,1,0,0,0,0,1,0,1
326,2,40,0,30,20,0,1,0,1,0,1,0,0,0,4,2,3,5,1,1,0,3,3,1,0,0,0,0,1,0,1
326,2,0,0.5,30,60,0,0,1,1,1,2,0,0,0,4,2,3,5,1,1,0,3,3,1,0,0,0,0,1,0,1
328,1,0,0.5,30,60,0,0,1,1,1,2,0,1,0,3,2,2,2,1,1,0,2,4,1,0,1,0,0,1,0,0
328,1,20,0,30,40,0,0,1,2,1,1,0,1,0,3,2,2,2,1,1,0,2,4,1,0,1,0,0,1,0,0
328,1,40,0,30,20,0,0,1,2,3,0,0,1,0,3,2,2,2,1,1,0,2,4,1,0,1,0,0,1,0,0
328,1,40,0.5,0,40,0,0,1,3,1,0,0,1,0,3,2,2,2,1,1,0,2,4,1,0,1,0,0,1,0,0
328,2,20,0,60,40,0,1,0,1,2,0,0,1,0,3,2,2,2,1,1,0,2,4,1,0,1,0,0,1,0,0
328,2,20,0,60,40,0,0,1,1,0,2,0,1,0,3,2,2,2,1,1,0,2,4,1,0,1,0,0,1,0,0
329,1,0,0.5,30,60,0,0,1,1,1,2,0,1,0,3,2,2,10,1,1,0,2,2,2,0,0,0,0,0,0,1
329,1,20,0,30,40,0,0,1,2,1,1,0,1,0,3,2,2,10,1,1,0,2,2,2,0,0,0,0,0,0,1
329,1,40,0,30,20,0,0,1,2,3,0,0,1,0,3,2,2,10,1,1,0,2,2,2,0,0,0,0,0,0,1
329,1,20,0.25,0,40,0,1,0,2,0,0,0,1,0,3,2,2,10,1,1,0,2,2,2,0,0,0,0,0,0,1
329,1,40,0.5,0,40,0,0,1,3,1,0,0,1,0,3,2,2,10,1,1,0,2,2,2,0,0,0,0,0,0,1
329,1,0,0.25,60,20,0,0,1,3,0,2,0,1,0,3,2,2,10,1,1,0,2,2,2,0,0,0,0,0,0,1
333,1,20,0,30,40,0,0,1,2,1,1,0,1,0,4,2,6,2,3,1,0,3,1,1,0,0,0,1,0,0,1
333,1,20,0.25,0,40,0,1,0,2,0,0,0,1,0,4,2,6,2,3,1,0,3,1,1,0,0,0,1,0,0,1
333,1,40,0.5,0,40,0,0,1,3,1,0,0,1,0,4,2,6,2,3,1,0,3,1,1,0,0,0,1,0,0,1
333,2,20,0,60,40,0,0,1,1,0,2,0,1,0,4,2,6,2,3,1,0,3,1,1,0,0,0,1,0,0,1
333,2,40,0,30,20,0,1,0,1,0,1,0,1,0,4,2,6,2,3,1,0,3,1,1,0,0,0,1,0,0,1
333,2,0,0.5,30,60,0,0,1,1,1,2,0,1,0,4,2,6,2,3,1,0,3,1,1,0,0,0,1,0,0,1
334,1,0,0.5,30,60,0,0,1,1,1,2,1,0,0,3,2,3,8,1,1,0,2,3,2,0,1,0,0,0,0,0
334,1,20,0.25,0,40,0,1,0,2,0,0,1,0,0,3,2,3,8,1,1,0,2,3,2,0,1,0,0,0,0,0
334,1,40,0.5,0,40,0,0,1,3,1,0,1,0,0,3,2,3,8,1,1,0,2,3,2,0,1,0,0,0,0,0
334,1,0,0.25,60,20,0,0,1,3,0,2,1,0,0,3,2,3,8,1,1,0,2,3,2,0,1,0,0,0,0,0
334,2,20,0,60,40,0,1,0,1,2,0,1,0,0,3,2,3,8,1,1,0,2,3,2,0,1,0,0,0,0,0
334,2,20,0,60,40,0,0,1,1,0,2,1,0,0,3,2,3,8,1,1,0,2,3,2,0,1,0,0,0,0,0
336,1,20,0,60,40,0,0,1,1,0,2,0,0,1,4,2,3,8,1,1,0,2,3,2,1,0,0,0,0,0,0
336,1,0,0.5,30,60,0,0,1,1,1,2,0,0,1,4,2,3,8,1,1,0,2,3,2,1,0,0,0,0,0,0
336,1,20,0,30,40,0,0,1,2,1,1,0,0,1,4,2,3,8,1,1,0,2,3,2,1,0,0,0,0,0,0
336,1,20,0.25,0,40,0,1,0,2,0,0,0,0,1,4,2,3,8,1,1,0,2,3,2,1,0,0,0,0,0,0
336,1,40,0.5,0,40,0,0,1,3,1,0,0,0,1,4,2,3,8,1,1,0,2,3,2,1,0,0,0,0,0,0
336,2,40,0,30,20,0,1,0,1,0,1,0,0,1,4,2,3,8,1,1,0,2,3,2,1,0,0,0,0,0,0
337,1,20,0,60,40,0,0,1,1,0,2,0,0,1,3,1,4,5,3,1,0,2,3,3,0,0,0,0,1,0,0
337,1,0,0.5,30,60,0,0,1,1,1,2,0,0,1,3,1,4,5,3,1,0,2,3,3,0,0,0,0,1,0,0
337,1,20,0,30,40,0,0,1,2,1,1,0,0,1,3,1,4,5,3,1,0,2,3,3,0,0,0,0,1,0,0
337,1,20,0.25,0,40,0,1,0,2,0,0,0,0,1,3,1,4,5,3,1,0,2,3,3,0,0,0,0,1,0,0
337,1,40,0.5,0,40,0,0,1,3,1,0,0,0,1,3,1,4,5,3,1,0,2,3,3,0,0,0,0,1,0,0
337,2,20,0,60,40,0,1,0,1,2,0,0,0,1,3,1,4,5,3,1,0,2,3,3,0,0,0,0,1,0,0
339,1,20,0.25,0,40,0,1,0,2,0,0,0,1,0,3,2,1,1,4,1,0,2,4,3,0,1,0,0,0,0,1
339,1,40,0.5,0,40,0,0,1,3,1,0,0,1,0,3,2,1,1,4,1,0,2,4,3,0,1,0,0,0,0,1
339,2,20,0,60,40,0,1,0,1,2,0,0,1,0,3,2,1,1,4,1,0,2,4,3,0,1,0,0,0,0,1
339,2,20,0,60,40,0,0,1,1,0,2,0,1,0,3,2,1,1,4,1,0,2,4,3,0,1,0,0,0,0,1
339,2,40,0,30,20,0,1,0,1,0,1,0,1,0,3,2,1,1,4,1,0,2,4,3,0,1,0,0,0,0,1
339,2,0,0.5,30,60,0,0,1,1,1,2,0,1,0,3,2,1,1,4,1,0,2,4,3,0,1,0,0,0,0,1
346,1,40,0,30,20,0,0,1,2,3,0,0,1,0,2,1,2,7,1,1,0,1,2,2,0,1,0,0,0,0,1
346,1,0,0.25,60,20,0,0,1,3,0,2,0,1,0,2,1,2,7,1,1,0,1,2,2,0,1,0,0,0,0,1
346,2,20,0,60,40,0,1,0,1,2,0,0,1,0,2,1,2,7,1,1,0,1,2,2,0,1,0,0,0,0,1
346,2,20,0,60,40,0,0,1,1,0,2,0,1,0,2,1,2,7,1,1,0,1,2,2,0,1,0,0,0,0,1
346,2,40,0,30,20,0,1,0,1,0,1,0,1,0,2,1,2,7,1,1,0,1,2,2,0,1,0,0,0,0,1
346,2,0,0.5,30,60,0,0,1,1,1,2,0,1,0,2,1,2,7,1,1,0,1,2,2,0,1,0,0,0,0,1
350,1,20,0.25,0,40,0,1,0,2,0,0,0,1,0,3,1,2,3,2,2,0,1,2,1,0,1,0,0,0,0,0
350,1,0,0.25,60,20,0,0,1,3,0,2,0,1,0,3,1,2,3,2,2,0,1,2,1,0,1,0,0,0,0,0
350,2,20,0,60,40,0,1,0,1,2,0,0,1,0,3,1,2,3,2,2,0,1,2,1,0,1,0,0,0,0,0
350,2,20,0,60,40,0,0,1,1,0,2,0,1,0,3,1,2,3,2,2,0,1,2,1,0,1,0,0,0,0,0
350,2,40,0,30,20,0,1,0,1,0,1,0,1,0,3,1,2,3,2,2,0,1,2,1,0,1,0,0,0,0,0
350,2,0,0.5,30,60,0,0,1,1,1,2,0,1,0,3,1,2,3,2,2,0,1,2,1,0,1,0,0,0,0,0
356,1,40,0,30,20,0,0,1,2,3,0,0,1,0,3,1,3,8,1,1,0,2,4,2,1,0,0,0,0,0,1
356,2,20,0,60,40,0,1,0,1,2,0,0,1,0,3,1,3,8,1,1,0,2,4,2,1,0,0,0,0,0,1
356,2,20,0,60,40,0,0,1,1,0,2,0,1,0,3,1,3,8,1,1,0,2,4,2,1,0,0,0,0,0,1
356,2,0,0.5,30,60,0,0,1,1,1,2,0,1,0,3,1,3,8,1,1,0,2,4,2,1,0,0,0,0,0,1
356,2,20,0,30,40,0,0,1,2,1,1,0,1,0,3,1,3,8,1,1,0,2,4,2,1,0,0,0,0,0,1
356,2,20,0.25,0,40,0,1,0,2,0,0,0,1,0,3,1,3,8,1,1,0,2,4,2,1,0,0,0,0,0,1
357,1,40,0,30,20,0,0,1,2,3,0,0,1,0,4,2,1,9,4,2,0,1,3,2,0,1,0,0,1,0,1
357,1,40,0.5,0,40,0,0,1,3,1,0,0,1,0,4,2,1,9,4,2,0,1,3,2,0,1,0,0,1,0,1
357,2,20,0,60,40,0,1,0,1,2,0,0,1,0,4,2,1,9,4,2,0,1,3,2,0,1,0,0,1,0,1
357,2,20,0,60,40,0,0,1,1,0,2,0,1,0,4,2,1,9,4,2,0,1,3,2,0,1,0,0,1,0,1
357,2,40,0,30,20,0,1,0,1,0,1,0,1,0,4,2,1,9,4,2,0,1,3,2,0,1,0,0,1,0,1
357,2,0,0.5,30,60,0,0,1,1,1,2,0,1,0,4,2,1,9,4,2,0,1,3,2,0,1,0,0,1,0,1
363,1,0,0.5,30,60,0,0,1,1,1,2,0,1,0,4,2,3,8,1,1,0,2,3,2,1,0,1,0,0,0,0
363,1,20,0.25,0,40,0,1,0,2,0,0,0,1,0,4,2,3,8,1,1,0,2,3,2,1,0,1,0,0,0,0
363,2,20,0,60,40,0,1,0,1,2,0,0,1,0,4,2,3,8,1,1,0,2,3,2,1,0,1,0,0,0,0
363,2,20,0,60,40,0,0,1,1,0,2,0,1,0,4,2,3,8,1,1,0,2,3,2,1,0,1,0,0,0,0
363,2,40,0,30,20,0,1,0,1,0,1,0,1,0,4,2,3,8,1,1,0,2,3,2,1,0,1,0,0,0,0
363,2,40,0,30,20,0,0,1,2,3,0,0,1,0,4,2,3,8,1,1,0,2,3,2,1,0,1,0,0,0,0
364,1,20,0,30,40,0,0,1,2,1,1,0,1,0,2,2,2,5,1,1,0,3,2,1,1,0,1,0,0,0,0
364,1,40,0.5,0,40,0,0,1,3,1,0,0,1,0,2,2,2,5,1,1,0,3,2,1,1,0,1,0,0,0,0
364,2,20,0,60,40,0,1,0,1,2,0,0,1,0,2,2,2,5,1,1,0,3,2,1,1,0,1,0,0,0,0
364,2,20,0,60,40,0,0,1,1,0,2,0,1,0,2,2,2,5,1,1,0,3,2,1,1,0,1,0,0,0,0
364,2,40,0,30,20,0,1,0,1,0,1,0,1,0,2,2,2,5,1,1,0,3,2,1,1,0,1,0,0,0,0
364,2,0,0.5,30,60,0,0,1,1,1,2,0,1,0,2,2,2,5,1,1,0,3,2,1,1,0,1,0,0,0,0
369,1,20,0,30,40,0,0,1,2,1,1,1,0,0,2,2,4,11,1,4,1,2,3,3,1,0,1,0,0,0,1
369,1,40,0,30,20,0,0,1,2,3,0,1,0,0,2,2,4,11,1,4,1,2,3,3,1,0,1,0,0,0,1
369,2,20,0,60,40,0,1,0,1,2,0,1,0,0,2,2,4,11,1,4,1,2,3,3,1,0,1,0,0,0,1
369,2,20,0,60,40,0,0,1,1,0,2,1,0,0,2,2,4,11,1,4,1,2,3,3,1,0,1,0,0,0,1
369,2,40,0,30,20,0,1,0,1,0,1,1,0,0,2,2,4,11,1,4,1,2,3,3,1,0,1,0,0,0,1
369,2,0,0.5,30,60,0,0,1,1,1,2,1,0,0,2,2,4,11,1,4,1,2,3,3,1,0,1,0,0,0,1
370,2,20,0,60,40,0,1,0,1,2,0,0,1,0,2,1,1,1,4,3,0,2,5,3,0,0,1,1,0,1,0
370,2,20,0,60,40,0,0,1,1,0,2,0,1,0,2,1,1,1,4,3,0,2,5,3,0,0,1,1,0,1,0
370,2,0,0.5,30,60,0,0,1,1,1,2,0,1,0,2,1,1,1,4,3,0,2,5,3,0,0,1,1,0,1,0
370,2,20,0,30,40,0,0,1,2,1,1,0,1,0,2,1,1,1,4,3,0,2,5,3,0,0,1,1,0,1,0
370,2,40,0,30,20,0,0,1,2,3,0,0,1,0,2,1,1,1,4,3,0,2,5,3,0,0,1,1,0,1,0
370,2,20,0.25,0,40,0,1,0,2,0,0,0,1,0,2,1,1,1,4,3,0,2,5,3,0,0,1,1,0,1,0
372,1,20,0.25,0,40,0,1,0,2,0,0,0,0,1,2,1,2,7,1,1,0,2,2,3,1,0,0,0,0,0,0
372,1,0,0.25,60,20,0,0,1,3,0,2,0,0,1,2,1,2,7,1,1,0,2,2,3,1,0,0,0,0,0,0
372,2,20,0,60,40,0,1,0,1,2,0,0,0,1,2,1,2,7,1,1,0,2,2,3,1,0,0,0,0,0,0
372,2,20,0,60,40,0,0,1,1,0,2,0,0,1,2,1,2,7,1,1,0,2,2,3,1,0,0,0,0,0,0
372,2,40,0,30,20,0,1,0,1,0,1,0,0,1,2,1,2,7,1,1,0,2,2,3,1,0,0,0,0,0,0
372,2,0,0.5,30,60,0,0,1,1,1,2,0,0,1,2,1,2,7,1,1,0,2,2,3,1,0,0,0,0,0,0
377,2,20,0,60,40,0,1,0,1,2,0,0,1,0,3,1,3,4,1,2,0,2,1,0,0,0,0,0,0,0,0
377,2,20,0,60,40,0,0,1,1,0,2,0,1,0,3,1,3,4,1,2,0,2,1,0,0,0,0,0,0,0,0
377,2,40,0,30,20,0,1,0,1,0,1,0,1,0,3,1,3,4,1,2,0,2,1,0,0,0,0,0,0,0,0
377,2,0,0.5,30,60,0,0,1,1,1,2,0,1,0,3,1,3,4,1,2,0,2,1,0,0,0,0,0,0,0,0
377,2,20,0,30,40,0,0,1,2,1,1,0,1,0,3,1,3,4,1,2,0,2,1,0,0,0,0,0,0,0,0
377,2,20,0.25,0,40,0,1,0,2,0,0,0,1,0,3,1,3,4,1,2,0,2,1,0,0,0,0,0,0,0,0
379,1,40,0,30,20,0,0,1,2,3,0,0,1,0,4,1,2,2,1,3,0,1,1,1,0,1,0,0,0,0,0
379,1,40,0.5,0,40,0,0,1,3,1,0,0,1,0,4,1,2,2,1,3,0,1,1,1,0,1,0,0,0,0,0
379,1,0,0.25,60,20,0,0,1,3,0,2,0,1,0,4,1,2,2,1,3,0,1,1,1,0,1,0,0,0,0,0
379,2,20,0,60,40,0,0,1,1,0,2,0,1,0,4,1,2,2,1,3,0,1,1,1,0,1,0,0,0,0,0
379,2,40,0,30,20,0,1,0,1,0,1,0,1,0,4,1,2,2,1,3,0,1,1,1,0,1,0,0,0,0,0
379,2,0,0.5,30,60,0,0,1,1,1,2,0,1,0,4,1,2,2,1,3,0,1,1,1,0,1,0,0,0,0,0
383,1,20,0,60,40,0,0,1,1,0,2,0,1,0,1,1,3,1,2,4,0,1,4,1,0,1,0,1,0,0,1
383,1,40,0,30,20,0,1,0,1,0,1,0,1,0,1,1,3,1,2,4,0,1,4,1,0,1,0,1,0,0,1
383,1,20,0.25,0,40,0,1,0,2,0,0,0,1,0,1,1,3,1,2,4,0,1,4,1,0,1,0,1,0,0,1
383,1,0,0.25,60,20,0,0,1,3,0,2,0,1,0,1,1,3,1,2,4,0,1,4,1,0,1,0,1,0,0,1
383,2,20,0,60,40,0,1,0,1,2,0,0,1,0,1,1,3,1,2,4,0,1,4,1,0,1,0,1,0,0,1
383,2,40,0,30,20,0,0,1,2,3,0,0,1,0,1,1,3,1,2,4,0,1,4,1,0,1,0,1,0,0,1
394,1,40,0,30,20,0,0,1,2,0,2,0,1,0,3,1,2,12,4,1,0,2,4,3,0,1,1,0,0,0,1
394,1,0,0.5,30,20,0,0,1,3,0,0,0,1,0,3,1,2,12,4,1,0,2,4,3,0,1,1,0,0,0,1
394,1,20,0,30,40,0,0,1,3,1,3,0,1,0,3,1,2,12,4,1,0,2,4,3,0,1,1,0,0,0,1
394,2,40,0.5,60,40,0,0,1,1,2,2,0,1,0,3,1,2,12,4,1,0,2,4,3,0,1,1,0,0,0,1
394,2,0,0.25,30,60,0,0,1,1,2,1,0,1,0,3,1,2,12,4,1,0,2,4,3,0,1,1,0,0,0,1
394,2,40,0.25,0,40,1,0,0,1,4,0,0,1,0,3,1,2,12,4,1,0,2,4,3,0,1,1,0,0,0,1
400,1,0,0.5,30,20,0,0,1,3,0,0,0,0,0,4,2,4,7,1,1,0,3,3,1,1,0,0,0,0,0,1
400,1,20,0,30,40,0,0,1,3,1,3,0,0,0,4,2,4,7,1,1,0,3,3,1,1,0,0,0,0,0,1
400,2,40,0.5,60,40,0,0,1,1,2,2,0,0,0,4,2,4,7,1,1,0,3,3,1,1,0,0,0,0,0,1
400,2,0,0.25,30,60,0,0,1,1,2,1,0,0,0,4,2,4,7,1,1,0,3,3,1,1,0,0,0,0,0,1
400,2,40,0.25,0,40,1,0,0,1,4,0,0,0,0,4,2,4,7,1,1,0,3,3,1,1,0,0,0,0,0,1
400,2,40,0,30,20,0,0,1,2,0,2,0,0,0,4,2,4,7,1,1,0,3,3,1,1,0,0,0,0,0,1
407,1,0,0.5,30,20,0,0,1,3,0,0,0,0,1,2,2,1,0,4,3,0,1,3,0,0,1,0,0,0,1,1
407,1,20,0,30,40,0,0,1,3,1,3,0,0,1,2,2,1,0,4,3,0,1,3,0,0,1,0,0,0,1,1
407,1,40,0.5,30,60,1,0,0,3,5,0,0,0,1,2,2,1,0,4,3,0,1,3,0,0,1,0,0,0,1,1
407,2,40,0.5,60,40,0,0,1,1,2,2,0,0,1,2,2,1,0,4,3,0,1,3,0,0,1,0,0,0,1,1
407,2,0,0.25,30,60,0,0,1,1,2,1,0,0,1,2,2,1,0,4,3,0,1,3,0,0,1,0,0,0,1,1
407,2,40,0.25,0,40,1,0,0,1,4,0,0,0,1,2,2,1,0,4,3,0,1,3,0,0,1,0,0,0,1,1
408,1,40,0,30,20,0,0,1,2,0,2,0,0,1,2,2,3,9,2,1,0,2,5,2,0,0,1,0,0,0,1
408,1,0,0.5,30,20,0,0,1,3,0,0,0,0,1,2,2,3,9,2,1,0,2,5,2,0,0,1,0,0,0,1
408,1,20,0,30,40,0,0,1,3,1,3,0,0,1,2,2,3,9,2,1,0,2,5,2,0,0,1,0,0,0,1
408,2,40,0.5,60,40,0,0,1,1,2,2,0,0,1,2,2,3,9,2,1,0,2,5,2,0,0,1,0,0,0,1
408,2,0,0.25,30,60,0,0,1,1,2,1,0,0,1,2,2,3,9,2,1,0,2,5,2,0,0,1,0,0,0,1
408,2,40,0.25,0,40,1,0,0,1,4,0,0,0,1,2,2,3,9,2,1,0,2,5,2,0,0,1,0,0,0,1
412,1,0,0.5,30,20,0,0,1,3,0,0,0,1,0,4,2,2,6,1,3,0,2,1,1,0,1,0,0,0,0,1
412,1,20,0,30,40,0,0,1,3,1,3,0,1,0,4,2,2,6,1,3,0,2,1,1,0,1,0,0,0,0,1
412,2,40,0.5,60,40,0,0,1,1,2,2,0,1,0,4,2,2,6,1,3,0,2,1,1,0,1,0,0,0,0,1
412,2,0,0.25,30,60,0,0,1,1,2,1,0,1,0,4,2,2,6,1,3,0,2,1,1,0,1,0,0,0,0,1
412,2,40,0.25,0,40,1,0,0,1,4,0,0,1,0,4,2,2,6,1,3,0,2,1,1,0,1,0,0,0,0,1
412,2,40,0,30,20,0,0,1,2,0,2,0,1,0,4,2,2,6,1,3,0,2,1,1,0,1,0,0,0,0,1
416,2,40,0.5,60,40,0,0,1,1,2,2,0,1,0,4,2,5,5,1,1,0,2,2,1,0,1,0,0,0,0,0
416,2,0,0.25,30,60,0,0,1,1,2,1,0,1,0,4,2,5,5,1,1,0,2,2,1,0,1,0,0,0,0,0
416,2,40,0.25,0,40,1,0,0,1,4,0,0,1,0,4,2,5,5,1,1,0,2,2,1,0,1,0,0,0,0,0
416,2,20,0.5,30,60,0,0,1,2,0,0,0,1,0,4,2,5,5,1,1,0,2,2,1,0,1,0,0,0,0,0
416,2,40,0.5,0,60,0,1,0,2,0,0,0,1,0,4,2,5,5,1,1,0,2,2,1,0,1,0,0,0,0,0
416,2,40,0,30,20,0,0,1,2,0,2,0,1,0,4,2,5,5,1,1,0,2,2,1,0,1,0,0,0,0,0
424,1,0,0.5,30,20,0,0,1,3,0,0,1,0,0,3,2,4,5,5,1,0,2,2,2,0,1,0,0,1,0,1
424,2,0,0.25,30,60,0,0,1,1,2,1,1,0,0,3,2,4,5,5,1,0,2,2,2,0,1,0,0,1,0,1
424,2,40,0.25,0,40,1,0,0,1,4,0,1,0,0,3,2,4,5,5,1,0,2,2,2,0,1,0,0,1,0,1
424,2,20,0.5,30,60,0,0,1,2,0,0,1,0,0,3,2,4,5,5,1,0,2,2,2,0,1,0,0,1,0,1
424,2,40,0.5,0,60,0,1,0,2,0,0,1,0,0,3,2,4,5,5,1,0,2,2,2,0,1,0,0,1,0,1
424,2,40,0,30,20,0,0,1,2,0,2,1,0,0,3,2,4,5,5,1,0,2,2,2,0,1,0,0,1,0,1
444,1,0,0.25,30,60,0,0,1,1,2,1,0,1,0,3,2,1,2,1,1,0,2,2,1,0,0,0,0,0,0,0
444,1,0,0.5,30,20,0,0,1,3,0,0,0,1,0,3,2,1,2,1,1,0,2,2,1,0,0,0,0,0,0,0
444,1,40,0.5,30,60,1,0,0,3,5,0,0,1,0,3,2,1,2,1,1,0,2,2,1,0,0,0,0,0,0,0
444,2,40,0.5,60,40,0,0,1,1,2,2,0,1,0,3,2,1,2,1,1,0,2,2,1,0,0,0,0,0,0,0
444,2,20,0.5,30,60,0,0,1,2,0,0,0,1,0,3,2,1,2,1,1,0,2,2,1,0,0,0,0,0,0,0
444,2,40,0.5,0,60,0,1,0,2,0,0,0,1,0,3,2,1,2,1,1,0,2,2,1,0,0,0,0,0,0,0
447,1,0,0.25,30,60,0,0,1,1,2,1,0,0,1,4,1,1,1,4,1,0,1,1,0,0,1,0,0,0,0,0
447,1,20,0,30,40,0,0,1,3,1,3,0,0,1,4,1,1,1,4,1,0,1,1,0,0,1,0,0,0,0,0
447,2,40,0.5,60,40,0,0,1,1,2,2,0,0,1,4,1,1,1,4,1,0,1,1,0,0,1,0,0,0,0,0
447,2,40,0.25,0,40,1,0,0,1,4,0,0,0,1,4,1,1,1,4,1,0,1,1,0,0,1,0,0,0,0,0
447,2,20,0.5,30,60,0,0,1,2,0,0,0,0,1,4,1,1,1,4,1,0,1,1,0,0,1,0,0,0,0,0
447,2,40,0,30,20,0,0,1,2,0,2,0,0,1,4,1,1,1,4,1,0,1,1,0,0,1,0,0,0,0,0
450,2,40,0.5,60,40,0,0,1,1,2,2,0,0,1,4,1,3,5,1,1,0,2,3,1,0,0,1,0,0,0,1
450,2,0,0.25,30,60,0,0,1,1,2,1,0,0,1,4,1,3,5,1,1,0,2,3,1,0,0,1,0,0,0,1
450,2,40,0.25,0,40,1,0,0,1,4,0,0,0,1,4,1,3,5,1,1,0,2,3,1,0,0,1,0,0,0,1
450,2,20,0.5,30,60,0,0,1,2,0,0,0,0,1,4,1,3,5,1,1,0,2,3,1,0,0,1,0,0,0,1
450,2,40,0.5,0,60,0,1,0,2,0,0,0,0,1,4,1,3,5,1,1,0,2,3,1,0,0,1,0,0,0,1
450,2,40,0,30,20,0,0,1,2,0,2,0,0,1,4,1,3,5,1,1,0,2,3,1,0,0,1,0,0,0,1
453,1,40,0,30,20,0,0,1,2,0,2,0,1,0,3,2,2,9,1,1,0,1,2,2,0,1,0,0,0,0,0
453,1,0,0.5,30,20,0,0,1,3,0,0,0,1,0,3,2,2,9,1,1,0,1,2,2,0,1,0,0,0,0,0
453,1,20,0,30,40,0,0,1,3,1,3,0,1,0,3,2,2,9,1,1,0,1,2,2,0,1,0,0,0,0,0
453,2,40,0.5,60,40,0,0,1,1,2,2,0,1,0,3,2,2,9,1,1,0,1,2,2,0,1,0,0,0,0,0
453,2,0,0.25,30,60,0,0,1,1,2,1,0,1,0,3,2,2,9,1,1,0,1,2,2,0,1,0,0,0,0,0
453,2,40,0.25,0,40,1,0,0,1,4,0,0,1,0,3,2,2,9,1,1,0,1,2,2,0,1,0,0,0,0,0
463,1,0,0.5,30,20,0,0,1,3,0,0,0,1,0,3,1,1,7,1,3,0,2,4,3,1,0,0,0,0,0,0
463,2,0,0.25,30,60,0,0,1,1,2,1,0,1,0,3,1,1,7,1,3,0,2,4,3,1,0,0,0,0,0,0
463,2,40,0.25,0,40,1,0,0,1,4,0,0,1,0,3,1,1,7,1,3,0,2,4,3,1,0,0,0,0,0,0
463,2,20,0.5,30,60,0,0,1,2,0,0,0,1,0,3,1,1,7,1,3,0,2,4,3,1,0,0,0,0,0,0
463,2,40,0.5,0,60,0,1,0,2,0,0,0,1,0,3,1,1,7,1,3,0,2,4,3,1,0,0,0,0,0,0
463,2,40,0,30,20,0,0,1,2,0,2,0,1,0,3,1,1,7,1,3,0,2,4,3,1,0,0,0,0,0,0
464,1,40,0,30,20,0,0,1,2,0,2,0,0,1,3,1,3,8,1,1,0,1,2,2,0,1,0,0,0,1,0
464,1,0,0.5,30,20,0,0,1,3,0,0,0,0,1,3,1,3,8,1,1,0,1,2,2,0,1,0,0,0,1,0
464,1,20,0,30,40,0,0,1,3,1,3,0,0,1,3,1,3,8,1,1,0,1,2,2,0,1,0,0,0,1,0
464,2,40,0.5,60,40,0,0,1,1,2,2,0,0,1,3,1,3,8,1,1,0,1,2,2,0,1,0,0,0,1,0
464,2,0,0.25,30,60,0,0,1,1,2,1,0,0,1,3,1,3,8,1,1,0,1,2,2,0,1,0,0,0,1,0
464,2,40,0.25,0,40,1,0,0,1,4,0,0,0,1,3,1,3,8,1,1,0,1,2,2,0,1,0,0,0,1,0
466,1,40,0,30,20,0,0,1,2,0,2,0,0,1,3,1,3,7,2,1,0,2,2,1,0,1,0,0,0,0,1
466,1,0,0.5,30,20,0,0,1,3,0,0,0,0,1,3,1,3,7,2,1,0,2,2,1,0,1,0,0,0,0,1
466,1,20,0,30,40,0,0,1,3,1,3,0,0,1,3,1,3,7,2,1,0,2,2,1,0,1,0,0,0,0,1
466,2,40,0.5,60,40,0,0,1,1,2,2,0,0,1,3,1,3,7,2,1,0,2,2,1,0,1,0,0,0,0,1
466,2,0,0.25,30,60,0,0,1,1,2,1,0,0,1,3,1,3,7,2,1,0,2,2,1,0,1,0,0,0,0,1
466,2,40,0.25,0,40,1,0,0,1,4,0,0,0,1,3,1,3,7,2,1,0,2,2,1,0,1,0,0,0,0,1
490,1,0,0.5,30,20,0,0,1,3,0,0,0,0,0,4,2,1,1,1,1,0,3,4,1,0,1,1,0,0,0,1
490,2,40,0.5,60,40,0,0,1,1,2,2,0,0,0,4,2,1,1,1,1,0,3,4,1,0,1,1,0,0,0,1
490,2,0,0.25,30,60,0,0,1,1,2,1,0,0,0,4,2,1,1,1,1,0,3,4,1,0,1,1,0,0,0,1
490,2,40,0.25,0,40,1,0,0,1,4,0,0,0,0,4,2,1,1,1,1,0,3,4,1,0,1,1,0,0,0,1
490,2,40,0,30,20,0,0,1,2,0,2,0,0,0,4,2,1,1,1,1,0,3,4,1,0,1,1,0,0,0,1
490,2,40,0.5,30,60,1,0,0,3,5,0,0,0,0,4,2,1,1,1,1,0,3,4,1,0,1,1,0,0,0,1
510,2,40,0.5,60,40,0,0,1,1,2,2,0,1,0,4,2,4,11,1,1,0,1,3,0,0,1,1,0,0,0,1
510,2,0,0.25,30,60,0,0,1,1,2,1,0,1,0,4,2,4,11,1,1,0,1,3,0,0,1,1,0,0,0,1
510,2,40,0.25,0,40,1,0,0,1,4,0,0,1,0,4,2,4,11,1,1,0,1,3,0,0,1,1,0,0,0,1
510,2,20,0.5,30,60,0,0,1,2,0,0,0,1,0,4,2,4,11,1,1,0,1,3,0,0,1,1,0,0,0,1
510,2,40,0.5,0,60,0,1,0,2,0,0,0,1,0,4,2,4,11,1,1,0,1,3,0,0,1,1,0,0,0,1
510,2,40,0,30,20,0,0,1,2,0,2,0,1,0,4,2,4,11,1,1,0,1,3,0,0,1,1,0,0,0,1
514,1,0,0.25,30,60,0,0,1,1,2,1,0,0,0,4,1,4,9,1,1,0,1,4,3,0,0,1,0,0,0,0
514,1,40,0.25,0,40,1,0,0,1,4,0,0,0,0,4,1,4,9,1,1,0,1,4,3,0,0,1,0,0,0,0
514,1,20,0.5,30,60,0,0,1,2,0,0,0,0,0,4,1,4,9,1,1,0,1,4,3,0,0,1,0,0,0,0
514,1,40,0.5,0,60,0,1,0,2,0,0,0,0,0,4,1,4,9,1,1,0,1,4,3,0,0,1,0,0,0,0
514,1,40,0,30,20,0,0,1,2,0,2,0,0,0,4,1,4,9,1,1,0,1,4,3,0,0,1,0,0,0,0
514,1,20,0,30,40,0,0,1,3,1,3,0,0,0,4,1,4,9,1,1,0,1,4,3,0,0,1,0,0,0,0
517,1,20,0.5,30,60,0,0,1,2,0,0,0,1,0,4,2,4,2,1,1,0,2,5,2,0,1,1,0,1,0,0
517,1,40,0,30,20,0,0,1,2,0,2,0,1,0,4,2,4,2,1,1,0,2,5,2,0,1,1,0,1,0,0
517,1,0,0.5,30,20,0,0,1,3,0,0,0,1,0,4,2,4,2,1,1,0,2,5,2,0,1,1,0,1,0,0
517,1,20,0,30,40,0,0,1,3,1,3,0,1,0,4,2,4,2,1,1,0,2,5,2,0,1,1,0,1,0,0
517,2,0,0.25,30,60,0,0,1,1,2,1,0,1,0,4,2,4,2,1,1,0,2,5,2,0,1,1,0,1,0,0
517,2,40,0.25,0,40,1,0,0,1,4,0,0,1,0,4,2,4,2,1,1,0,2,5,2,0,1,1,0,1,0,0
533,1,40,0.25,0,40,1,0,0,1,4,0,0,1,0,3,2,1,4,4,2,0,3,3,1,0,1,1,0,0,0,0
533,1,20,0.5,30,60,0,0,1,2,0,0,0,1,0,3,2,1,4,4,2,0,3,3,1,0,1,1,0,0,0,0
533,1,40,0,30,20,0,0,1,2,0,2,0,1,0,3,2,1,4,4,2,0,3,3,1,0,1,1,0,0,0,0
533,1,0,0.5,30,20,0,0,1,3,0,0,0,1,0,3,2,1,4,4,2,0,3,3,1,0,1,1,0,0,0,0
533,2,40,0.5,60,40,0,0,1,1,2,2,0,1,0,3,2,1,4,4,2,0,3,3,1,0,1,1,0,0,0,0
533,2,0,0.25,30,60,0,0,1,1,2,1,0,1,0,3,2,1,4,4,2,0,3,3,1,0,1,1,0,0,0,0
538,1,40,0,30,20,0,0,1,2,0,2,0,1,0,2,1,3,2,1,1,0,2,3,2,0,1,0,1,1,0,1
538,1,0,0.5,30,20,0,0,1,3,0,0,0,1,0,2,1,3,2,1,1,0,2,3,2,0,1,0,1,1,0,1
538,1,20,0,30,40,0,0,1,3,1,3,0,1,0,2,1,3,2,1,1,0,2,3,2,0,1,0,1,1,0,1
538,2,40,0.5,60,40,0,0,1,1,2,2,0,1,0,2,1,3,2,1,1,0,2,3,2,0,1,0,1,1,0,1
538,2,0,0.25,30,60,0,0,1,1,2,1,0,1,0,2,1,3,2,1,1,0,2,3,2,0,1,0,1,1,0,1
538,2,40,0.25,0,40,1,0,0,1,4,0,0,1,0,2,1,3,2,1,1,0,2,3,2,0,1,0,1,1,0,1
540,2,40,0.5,60,40,0,0,1,1,2,2,1,0,0,3,2,4,7,1,4,1,3,3,2,0,0,0,0,0,0,0
540,2,0,0.25,30,60,0,0,1,1,2,1,1,0,0,3,2,4,7,1,4,1,3,3,2,0,0,0,0,0,0,0
540,2,40,0.25,0,40,1,0,0,1,4,0,1,0,0,3,2,4,7,1,4,1,3,3,2,0,0,0,0,0,0,0
540,2,20,0.5,30,60,0,0,1,2,0,0,1,0,0,3,2,4,7,1,4,1,3,3,2,0,0,0,0,0,0,0
540,2,40,0.5,0,60,0,1,0,2,0,0,1,0,0,3,2,4,7,1,4,1,3,3,2,0,0,0,0,0,0,0
540,2,40,0,30,20,0,0,1,2,0,2,1,0,0,3,2,4,7,1,4,1,3,3,2,0,0,0,0,0,0,0
551,1,40,0,30,20,0,0,1,2,0,2,0,1,0,3,1,4,6,1,1,0,2,2,2,0,1,0,0,1,0,1
551,1,0,0.5,30,20,0,0,1,3,0,0,0,1,0,3,1,4,6,1,1,0,2,2,2,0,1,0,0,1,0,1
551,1,20,0,30,40,0,0,1,3,1,3,0,1,0,3,1,4,6,1,1,0,2,2,2,0,1,0,0,1,0,1
551,2,40,0.5,60,40,0,0,1,1,2,2,0,1,0,3,1,4,6,1,1,0,2,2,2,0,1,0,0,1,0,1
551,2,0,0.25,30,60,0,0,1,1,2,1,0,1,0,3,1,4,6,1,1,0,2,2,2,0,1,0,0,1,0,1
551,2,40,0.25,0,40,1,0,0,1,4,0,0,1,0,3,1,4,6,1,1,0,2,2,2,0,1,0,0,1,0,1
569,1,0,0.5,30,20,0,0,1,3,0,0,0,1,0,3,2,2,12,1,3,0,1,2,1,0,1,0,0,1,0,0
569,1,20,0,30,40,0,0,1,3,1,3,0,1,0,3,2,2,12,1,3,0,1,2,1,0,1,0,0,1,0,0
569,2,40,0.5,60,40,0,0,1,1,2,2,0,1,0,3,2,2,12,1,3,0,1,2,1,0,1,0,0,1,0,0
569,2,0,0.25,30,60,0,0,1,1,2,1,0,1,0,3,2,2,12,1,3,0,1,2,1,0,1,0,0,1,0,0
569,2,40,0.25,0,40,1,0,0,1,4,0,0,1,0,3,2,2,12,1,3,0,1,2,1,0,1,0,0,1,0,0
569,2,40,0,30,20,0,0,1,2,0,2,0,1,0,3,2,2,12,1,3,0,1,2,1,0,1,0,0,1,0,0
579,1,0,0.25,30,60,0,0,1,1,2,1,0,0,0,3,2,1,7,4,1,0,3,4,0,1,0,0,0,0,0,1
579,1,40,0.25,0,40,1,0,0,1,4,0,0,0,0,3,2,1,7,4,1,0,3,4,0,1,0,0,0,0,0,1
579,1,20,0.5,30,60,0,0,1,2,0,0,0,0,0,3,2,1,7,4,1,0,3,4,0,1,0,0,0,0,0,1
579,1,40,0.5,30,60,1,0,0,3,5,0,0,0,0,3,2,1,7,4,1,0,3,4,0,1,0,0,0,0,0,1
579,2,40,0.5,60,40,0,0,1,1,2,2,0,0,0,3,2,1,7,4,1,0,3,4,0,1,0,0,0,0,0,1
579,2,40,0.5,0,60,0,1,0,2,0,0,0,0,0,3,2,1,7,4,1,0,3,4,0,1,0,0,0,0,0,1
580,1,40,0,30,20,0,0,1,2,0,2,0,1,0,4,1,1,4,4,3,0,2,5,3,0,1,1,0,0,0,0
580,2,40,0.5,60,40,0,0,1,1,2,2,0,1,0,4,1,1,4,4,3,0,2,5,3,0,1,1,0,0,0,0
580,2,0,0.25,30,60,0,0,1,1,2,1,0,1,0,4,1,1,4,4,3,0,2,5,3,0,1,1,0,0,0,0
580,2,40,0.25,0,40,1,0,0,1,4,0,0,1,0,4,1,1,4,4,3,0,2,5,3,0,1,1,0,0,0,0
580,2,20,0.5,30,60,0,0,1,2,0,0,0,1,0,4,1,1,4,4,3,0,2,5,3,0,1,1,0,0,0,0
580,2,40,0.5,0,60,0,1,0,2,0,0,0,1,0,4,1,1,4,4,3,0,2,5,3,0,1,1,0,0,0,0
581,1,40,0,30,20,0,0,1,2,0,2,0,1,0,3,2,1,1,2,1,0,2,3,0,0,0,0,0,0,0,1
581,1,0,0.5,30,20,0,0,1,3,0,0,0,1,0,3,2,1,1,2,1,0,2,3,0,0,0,0,0,0,0,1
581,1,20,0,30,40,0,0,1,3,1,3,0,1,0,3,2,1,1,2,1,0,2,3,0,0,0,0,0,0,0,1
581,2,40,0.5,60,40,0,0,1,1,2,2,0,1,0,3,2,1,1,2,1,0,2,3,0,0,0,0,0,0,0,1
581,2,0,0.25,30,60,0,0,1,1,2,1,0,1,0,3,2,1,1,2,1,0,2,3,0,0,0,0,0,0,0,1
581,2,40,0.25,0,40,1,0,0,1,4,0,0,1,0,3,2,1,1,2,1,0,2,3,0,0,0,0,0,0,0,1
584,1,0,0.5,30,20,0,0,1,3,0,0,0,1,0,3,2,2,5,2,2,0,1,1,1,0,0,0,0,0,0,0
584,1,20,0,30,40,0,0,1,3,1,3,0,1,0,3,2,2,5,2,2,0,1,1,1,0,0,0,0,0,0,0
584,2,40,0.5,60,40,0,0,1,1,2,2,0,1,0,3,2,2,5,2,2,0,1,1,1,0,0,0,0,0,0,0
584,2,0,0.25,30,60,0,0,1,1,2,1,0,1,0,3,2,2,5,2,2,0,1,1,1,0,0,0,0,0,0,0
584,2,40,0.25,0,40,1,0,0,1,4,0,0,1,0,3,2,2,5,2,2,0,1,1,1,0,0,0,0,0,0,0
584,2,40,0,30,20,0,0,1,2,0,2,0,1,0,3,2,2,5,2,2,0,1,1,1,0,0,0,0,0,0,0